19140414,AL,105,54,WS1,3,003000000,1,-1,BOS,0,000000000,1,-1
19140414,AL,100,51,CLE,2,000002000,1,-1,CHA,5,00000032x,1,-1
19140414,AL,183,77,SLA,2,0000000000002,1,-1,DET,3,0000000000003,1,-1
19140414,AL,176,51,PHA,2,001000010,1,-1,NYA,8,40003001x,1,-1
19140414,NL,129,51,BSN,2,000000200,1,-1,BRO,8,02114000x,1,-1
19140414,NL,130,51,CHN,1,000000001,1,-1,CIN,10,00020332x,1,-1
19140414,NL,95,51,NY1,1,001000000,1,-1,PHI,10,00020440x,1,-1
19140414,NL,110,53,PIT,1,010000000,1,-1,SLN,2,100000001,1,-1
19140415,AL,115,51,WS1,1,010000000,2,-1,BOS,2,01000100x,2,-1
19140415,AL,100,51,CLE,1,000001000,2,-1,CHA,2,10000010x,2,-1
19140415,NL,130,54,PIT,5,010000031,2,-1,SLN,1,000100000,2,-1
19140416,AL,90,51,CLE,0,000000000,3,-1,CHA,1,00000010x,3,-1
19140416,AL,135,54,SLA,8,301001201,2,-1,DET,5,100211000,2,-1
19140416,NL,117,54,PIT,4,010030000,3,-1,SLN,1,000000100,3,-1
19140417,AL,115,54,WS1,1,000000001,3,-1,BOS,0,000000000,3,-1
19140417,AL,118,53,CLE,5,000031001,4,-1,CHA,6,001301001,4,-1
19140417,AL,117,54,SLA,2,000100010,3,-1,DET,1,100000000,3,-1
19140417,AL,115,51,PHA,0,000000000,2,-1,NYA,4,00002200x,2,-1
19140417,NL,115,51,BSN,0,000000000,2,-1,BRO,5,01000004x,2,-1
19140417,NL,146,54,CHN,6,300210000,2,-1,CIN,5,002000210,2,-1
19140417,NL,95,51,NY1,1,000100000,2,-1,PHI,3,00020001x,2,-1
19140417,NL,109,54,PIT,2,002000000,4,-1,SLN,0,000000000,4,-1
19140418,AL,112,51,PHA,0,000000000,3,-1,BOS,1,00100000x,4,-1
19140418,AL,120,51,SLA,3,010000200,4,-1,CHA,5,00000113x,5,-1
19140418,AL,122,51,CLE,3,210000000,5,-1,DET,4,10210000x,4,-1
19140418,AL,110,54,WS1,4,301000000,4,-1,NYA,1,001000000,3,-1
19140418,NL,110,51,NY1,6,011010111,3,-1,BRO,9,20002050x,3,-1
19140418,NL,145,54,PIT,8,021100103,5,-1,CIN,5,004000010,3,-1
19140418,NL,93,51,BSN,3,020000010,3,-1,PHI,5,10100300x,3,-1
19140418,NL,120,51,CHN,2,000000002,3,-1,SLN,5,10011020x,5,-1
19140419,AL,144,54,SLA,5,000401000,5,-1,CHA,1,000000001,6,-1
19140419,AL,121,53,CLE,6,000600000,6,-1,DET,7,003000031,5,-1
19140419,NL,140,54,PIT,9,100310031,6,-1,CIN,3,000011100,4,-1
19140419,NL,140,54,CHN,9,000200070,4,-1,SLN,7,100000240,6,-1
19140420,AL,141,60,PHA,8,0000000206,4,-1,BOS,2,0100000100,5,-1
19140420,AL,115,54,PHA,6,040000101,5,-1,BOS,0,000000000,6,-1
19140420,NL,120,51,CHN,0,000000000,5,-1,SLN,2,00001100x,7,-1
19140421,AL,167,78,PHA,1,0000010000000,6,-1,BOS,1,0010000000000,7,-1
19140421,AL,95,51,SLA,1,010000000,6,-1,CHA,6,04101000x,7,-1
19140421,AL,131,51,CLE,4,400000000,7,-1,DET,7,00004120x,6,-1
19140421,AL,137,58,WS1,2,0010100000,5,-1,NYA,3,0000000021,4,-1
19140421,NL,97,54,NY1,6,010002021,4,-1,BRO,0,000000000,4,-1
19140421,NL,105,54,PIT,5,003002000,7,-1,CIN,2,000010010,5,-1
19140421,NL,125,54,BSN,4,110100001,4,-1,PHI,3,010002000,4,-1
19140421,NL,217,90,CHN,2,000000200000000,6,-1,SLN,2,100000001000000,8,-1
19140422,AL,140,48,PHA,9,10004040,7,-1,BOS,9,00140004,8,-1
19140422,AL,115,54,CHA,7,002003200,8,-1,CLE,0,000000000,8,-1
19140422,AL,116,54,WS1,2,010010000,6,-1,NYA,1,000000100,5,-1
19140422,AL,115,54,DET,4,003010000,7,-1,SLA,2,200000000,7,-1
19140422,NL,120,54,CIN,4,000300100,6,-1,CHN,3,000100011,7,-1
19140422,NL,100,51,BSN,1,001000000,5,-1,PHI,3,00001200x,5,-1
19140423,AL,105,51,CHA,1,000000010,9,-1,CLE,4,01010020x,9,-1
19140423,AL,145,54,NYA,5,001000040,6,-1,PHA,3,120000000,8,-1
19140423,AL,120,54,DET,3,003000000,8,-1,SLA,1,010000000,8,-1
19140423,AL,110,54,BOS,5,000000131,9,-1,WS1,0,000000000,7,-1
19140423,NL,145,51,BRO,1,100000000,5,-1,BSN,9,00400023x,6,-1
19140423,NL,110,51,CIN,1,000010000,7,-1,CHN,2,00110000x,8,-1
19140423,NL,130,51,PHI,4,100001020,6,-1,NY1,12,20112600x,5,-1
19140423,NL,110,51,SLN,1,000000100,9,-1,PIT,5,00032000x,8,-1
19140424,AL,160,65,NYA,6,22002000000,7,-1,PHA,7,10000230001,9,-1
19140424,AL,168,71,DET,5,010004000000,9,-1,SLA,6,010130000001,9,-1
19140424,AL,135,54,BOS,5,003000002,10,-1,WS1,3,000110001,8,-1
19140424,NL,138,54,BRO,8,022100300,6,-1,BSN,1,000000001,7,-1
19140424,NL,126,51,CIN,1,000100000,8,-1,CHN,2,10000001x,9,-1
19140424,NL,123,54,PHI,8,500000210,7,-1,NY1,2,010000100,6,-1
19140424,NL,132,54,SLN,8,050020100,10,-1,PIT,1,010000000,9,-1
19140425,AL,80,52,CHA,0,000000000,10,-1,CLE,1,000000001,10,-1
19140425,AL,100,54,DET,4,201000010,10,-1,SLA,0,000000000,10,-1
19140425,NL,110,54,BRO,4,010003000,7,-1,BSN,0,000000000,8,-1
19140425,NL,118,54,CIN,13,503000320,9,-1,CHN,1,000010000,10,-1
19140426,AL,115,51,CHA,2,000002000,11,-1,CLE,4,10001200x,11,-1
19140426,AL,120,51,DET,1,000010000,11,-1,SLA,4,00011101x,11,-1
19140426,NL,135,54,PIT,6,000000024,10,-1,CHN,4,000004000,11,-1
19140426,NL,118,51,SLN,2,100000100,11,-1,CIN,5,30200000x,10,-1
19140427,AL,132,51,NYA,4,001003000,8,-1,PHA,5,00101003x,10,-1
19140427,AL,105,51,BOS,1,000001000,11,-1,WS1,6,04200000x,9,-1
19140427,NL,100,51,SLN,1,000010000,12,-1,CIN,2,02000000x,11,-1
19140427,NL,117,51,PHI,3,000200001,8,-1,NY1,4,00100102x,7,-1
19140428,AL,110,51,CHA,1,000001000,12,-1,DET,4,00200002x,12,-1
19140428,AL,92,51,WS1,1,100000000,10,-1,PHA,2,00000011x,11,-1
19140428,NL,104,54,NY1,3,010100100,8,-1,BSN,1,000100000,9,-1
19140428,NL,115,54,PIT,5,000010400,11,-1,CHN,2,001000010,12,-1
19140428,NL,125,51,SLN,1,010000000,13,-1,CIN,6,10100310x,12,-1
19140429,AL,120,64,CHA,0,00000000000,13,-1,DET,1,00000000001,13,-1
19140429,AL,115,51,BOS,0,000000000,12,-1,NYA,1,00010000x,9,-1
19140429,AL,160,54,WS1,6,002010201,11,-1,PHA,4,100002010,12,-1
19140429,AL,132,51,CLE,3,000002001,12,-1,SLA,6,10400001x,12,-1
19140429,NL,105,54,PHI,6,020100210,9,-1,BRO,2,000110000,8,-1
19140429,NL,110,54,PIT,7,000300400,12,-1,CHN,0,000000000,13,-1
19140429,NL,122,51,SLN,3,000200010,14,-1,CIN,5,00200021x,13,-1
19140430,AL,103,51,CHA,4,100000003,14,-1,DET,5,00020003x,14,-1
19140430,AL,188,72,CLE,3,200000001000,13,-1,SLA,3,100002000000,13,-1
19140430,NL,105,51,SLN,0,000000000,15,-1,CHN,7,22100002x,14,-1
19140501,AL,110,51,CHA,2,000000002,15,-1,DET,3,20010000x,15,-1
19140501,AL,103,51,BOS,0,000000000,13,-1,NYA,6,00013020x,10,-1
19140501,AL,145,53,WS1,6,010201110,12,-1,PHA,7,200001103,13,-1
19140501,AL,110,51,CLE,2,010000001,14,-1,SLA,3,20010000x,14,-1
19140501,NL,142,54,NY1,11,201001106,9,-1,BSN,2,100000100,10,-1
19140501,NL,120,54,PHI,8,200003201,10,-1,BRO,6,010022001,9,-1
19140501,NL,105,54,SLN,2,011000000,16,-1,CHN,0,000000000,15,-1
19140501,NL,110,51,CIN,2,000002000,14,-1,PIT,4,20000020x,13,-1
19140502,AL,125,51,DET,0,000000000,16,-1,CLE,3,00030000x,15,-1
19140502,AL,110,51,BOS,2,001000010,14,-1,PHA,5,04010000x,14,-1
19140502,AL,85,51,CHA,1,100000000,16,-1,SLA,2,11000000x,15,-1
19140502,AL,135,51,NYA,1,000010000,11,-1,WS1,14,10235003x,13,-1
19140502,NL,112,54,PHI,6,300100020,11,-1,BSN,2,000010100,11,-1
19140502,NL,137,54,SLN,9,020000430,17,-1,CHN,4,021001000,16,-1
19140502,NL,125,54,BRO,3,100002000,10,-1,NY1,0,000000000,10,-1
19140502,NL,137,51,CIN,5,001000040,15,-1,PIT,7,10301020x,14,-1
19140503,AL,175,54,DET,9,200021130,17,-1,CLE,5,111002000,16,-1
19140503,AL,126,54,CHA,4,000000310,17,-1,SLA,3,000021000,16,-1
19140503,NL,123,51,SLN,1,000000001,18,-1,CHN,6,10012020x,17,-1
19140503,NL,137,66,PIT,3,00010000002,15,-1,CIN,1,10000000000,16,-1
19140504,AL,140,54,DET,9,302010102,18,-1,CLE,7,000015100,17,-1
19140504,AL,108,54,BOS,9,202000203,15,-1,PHA,1,000000001,15,-1
19140504,AL,110,51,CHA,0,000000000,18,-1,SLA,1,00000100x,17,-1
19140504,AL,125,54,NYA,8,220001003,12,-1,WS1,2,100000001,14,-1
19140504,NL,125,51,PHI,7,500200000,12,-1,BSN,10,02130211x,12,-1
19140504,NL,117,54,SLN,6,000000060,19,-1,CHN,1,000000001,18,-1
19140504,NL,88,51,BRO,3,000300000,11,-1,NY1,4,00003100x,11,-1
19140505,AL,110,51,DET,2,011000000,19,-1,CLE,4,30000001x,18,-1
19140505,AL,117,54,CHA,8,140200001,19,-1,SLA,1,000010000,18,-1
19140505,AL,100,51,NYA,0,000000000,13,-1,WS1,6,00220020x,15,-1
19140506,AL,145,54,DET,4,102010000,20,-1,CHA,2,101000000,20,-1
19140506,AL,130,54,SLA,7,200000320,19,-1,CLE,1,010000000,19,-1
19140506,AL,120,51,BOS,3,000020100,16,-1,PHA,7,12010012x,16,-1
19140506,AL,120,42,NYA,4,1010020,14,-1,WS1,0,0000000,16,-1
19140506,NL,103,54,BRO,5,000104000,12,-1,NY1,3,000000003,12,-1
19140506,NL,97,52,CHN,0,000000000,19,-1,PIT,1,000000001,16,-1
19140506,NL,120,54,CIN,3,200000001,17,-1,SLN,0,000000000,20,-1
19140507,AL,111,51,NYA,0,000000000,15,-1,BOS,2,00000011x,17,-1
19140507,AL,120,54,SLA,2,010000001,20,-1,CLE,0,000000000,20,-1
19140507,AL,150,51,PHA,5,101010002,17,-1,WS1,6,00040200x,17,-1
19140507,NL,146,51,BSN,6,300200010,13,-1,NY1,7,10000114x,13,-1
19140507,NL,135,54,BRO,6,000032100,13,-1,PHI,5,100101020,13,-1
19140507,NL,97,51,CHN,1,100000000,20,-1,PIT,7,02000410x,17,-1
19140507,NL,117,51,CIN,1,000010000,18,-1,SLN,9,04101012x,21,-1
19140508,AL,115,51,NYA,0,000000000,16,-1,BOS,3,00000003x,18,-1
19140508,AL,125,54,DET,10,021003103,21,-1,CHA,8,400000112,21,-1
19140508,AL,190,60,PHA,9,2010020400,18,-1,WS1,9,0000412110,18,-1
19140508,NL,103,54,CIN,3,000210000,19,-1,SLN,0,000000000,22,-1
19140509,AL,105,54,NYA,3,000001020,17,-1,BOS,2,001001000,19,-1
19140509,AL,125,54,DET,7,011021011,22,-1,CHA,4,000000121,22,-1
19140509,AL,130,51,SLA,5,000100112,21,-1,CLE,6,40000002x,21,-1
19140509,AL,155,54,PHA,5,001010021,19,-1,WS1,2,010000001,19,-1
19140509,NL,112,51,BSN,0,000000000,14,-1,NY1,2,00000020x,14,-1
19140509,NL,125,54,BRO,14,410130050,14,-1,PHI,3,000003000,14,-1
19140509,NL,151,54,CHN,10,302201002,21,-1,PIT,2,000100010,18,-1
19140509,NL,105,54,CIN,3,101000001,20,-1,SLN,0,000000000,23,-1
19140510,AL,88,51,DET,0,000000000,23,-1,CHA,1,00000010x,23,-1
19140510,AL,105,51,SLA,0,000000000,22,-1,CLE,4,10000300x,22,-1
19140510,NL,92,51,PIT,1,000010000,19,-1,CHN,4,00010300x,22,-1
19140510,NL,105,51,CIN,1,001000000,21,-1,SLN,3,00000201x,24,-1
19140511,AL,116,54,NYA,6,010122000,18,-1,BOS,2,000010100,20,-1
19140511,AL,130,54,PHA,8,000331010,20,-1,WS1,4,000220000,20,-1
19140511,NL,127,51,BSN,6,000004110,15,-1,NY1,8,10300400x,15,-1
19140511,NL,83,51,BRO,1,100000000,15,-1,PHI,2,00200000x,15,-1
19140511,NL,225,78,CHN,5,3200000000000,23,-1,SLN,5,0100020020000,25,-1
19140512,AL,100,51,SLA,0,000000000,23,-1,BOS,7,20320000x,21,-1
19140512,AL,118,54,DET,4,300000010,24,-1,NYA,0,000000000,19,-1
19140512,AL,133,54,CLE,12,100061211,23,-1,PHA,4,002001001,21,-1
19140512,AL,115,51,CHA,2,001100000,24,-1,WS1,3,000001011,21,-1
19140512,NL,97,60,BSN,1,0000010000,16,-1,PIT,1,0000010000,20,-1
19140513,AL,140,54,CHA,9,303100200,25,-1,WS1,2,100001000,22,-1
19140513,NL,105,51,BRO,0,000000000,16,-1,CHN,6,21021000x,24,-1
19140513,NL,103,51,BSN,0,000000000,17,-1,CIN,1,10000000x,22,-1
19140513,NL,120,51,PHI,3,000101100,16,-1,SLN,5,00030020x,26,-1
19140514,AL,119,51,SLA,0,000000000,24,-1,BOS,1,01000000x,22,-1
19140514,AL,107,54,DET,3,000000030,25,-1,NYA,1,000000100,20,-1
19140514,AL,135,75,CLE,0,0000000000000,24,-1,PHA,1,0000000000001,22,-1
19140514,AL,120,57,CHA,0,0000000000,26,-1,WS1,1,0000000001,23,-1
19140514,NL,102,51,BRO,0,000000000,17,-1,CHN,5,00000014x,25,-1
19140514,NL,120,51,BSN,0,000000000,18,-1,CIN,6,10021200x,23,-1
19140514,NL,104,54,NY1,4,300010000,16,-1,PIT,3,001200000,21,-1
19140514,NL,170,84,PHI,5,00000010200002,17,-1,SLN,3,00002100000000,27,-1
19140515,AL,117,54,SLA,9,300020040,25,-1,BOS,3,000010002,23,-1
19140515,AL,128,54,DET,4,010001110,26,-1,NYA,2,010000100,21,-1
19140515,AL,118,51,CLE,3,000300000,25,-1,PHA,6,02021100x,23,-1
19140515,AL,135,51,CHA,3,020100000,27,-1,WS1,6,04100010x,24,-1
19140515,NL,120,54,BRO,12,303000105,18,-1,CHN,5,100020101,26,-1
19140515,NL,113,51,BSN,2,000000002,19,-1,CIN,4,00020101x,24,-1
19140515,NL,99,54,NY1,5,000230000,17,-1,PIT,3,010011000,22,-1
19140515,NL,130,51,PHI,3,000001020,18,-1,SLN,6,00200400x,28,-1
19140516,AL,110,51,DET,0,000000000,27,-1,BOS,3,00200001x,24,-1
19140516,AL,107,51,SLA,1,000001000,26,-1,NYA,2,10000100x,22,-1
19140516,AL,110,51,CHA,3,000200100,28,-1,PHA,4,01010200x,24,-1
19140516,AL,90,51,CLE,1,000001000,26,-1,WS1,2,20000000x,25,-1
19140516,NL,133,54,BRO,2,020000000,19,-1,CHN,1,000100000,27,-1
19140516,NL,88,51,BSN,0,000000000,20,-1,CIN,1,00000001x,25,-1
19140516,NL,91,54,NY1,2,000000110,18,-1,PIT,0,000000000,23,-1
19140516,NL,83,51,PHI,0,000000000,19,-1,SLN,1,01000000x,29,-1
19140517,NL,170,78,PHI,4,0000100000102,20,-1,CHN,2,0000001000100,28,-1
19140517,NL,117,51,NY1,1,100000000,19,-1,CIN,5,20001101x,26,-1
19140517,NL,110,51,BRO,2,100000100,20,-1,SLN,5,01004000x,30,-1
19140518,AL,110,51,DET,0,000000000,28,-1,BOS,2,01000100x,25,-1
19140518,AL,137,54,SLA,4,000000130,27,-1,NYA,2,010100000,23,-1
19140518,AL,98,51,CHA,1,000000100,29,-1,PHA,3,20001000x,25,-1
19140518,AL,115,51,CLE,2,000200000,27,-1,WS1,3,02000100x,26,-1
19140518,NL,115,51,PHI,2,200000000,21,-1,CHN,4,00003010x,29,-1
19140518,NL,136,51,NY1,5,000320000,20,-1,CIN,10,03223000x,27,-1
19140518,NL,92,54,BSN,4,000000022,21,-1,PIT,1,000000100,24,-1
19140518,NL,88,51,BRO,0,000000000,21,-1,SLN,3,10001100x,31,-1
19140519,AL,105,51,DET,4,021100000,29,-1,BOS,6,30000210x,26,-1
19140519,AL,118,54,SLA,3,002000100,28,-1,NYA,0,000000000,24,-1
19140519,AL,98,54,CHA,3,000021000,30,-1,PHA,0,000000000,26,-1
19140519,AL,125,51,CLE,2,000000002,28,-1,WS1,4,20002000x,27,-1
19140519,NL,115,51,PHI,1,000001000,22,-1,CHN,6,00000051x,30,-1
19140519,NL,107,54,NY1,5,002000201,21,-1,CIN,2,000200000,28,-1
19140519,NL,130,51,BSN,5,002002100,22,-1,PIT,7,00050002x,25,-1
19140519,NL,95,51,BRO,2,010000001,22,-1,SLN,6,00022020x,32,-1
19140520,AL,95,54,DET,3,000100020,30,-1,BOS,0,000000000,27,-1
19140520,AL,120,51,SLA,1,000000010,29,-1,NYA,3,00010020x,25,-1
19140520,AL,95,54,CHA,5,002020100,31,-1,PHA,2,000100001,27,-1
19140520,AL,88,51,CLE,0,000000000,29,-1,WS1,5,20201000x,28,-1
19140520,NL,145,51,PHI,5,010022000,23,-1,CHN,10,20102005x,31,-1
19140520,NL,110,54,NY1,5,200010020,22,-1,CIN,0,000000000,29,-1
19140520,NL,105,51,BSN,1,000010000,23,-1,PIT,4,00101002x,26,-1
19140520,NL,120,54,BRO,5,000000050,23,-1,SLN,4,030001000,33,-1
19140521,AL,107,54,CHA,5,000103001,32,-1,BOS,2,000002000,28,-1
19140521,AL,116,51,CLE,2,000101000,30,-1,NYA,5,11300000x,26,-1
19140521,AL,132,54,DET,6,113001000,31,-1,PHA,4,004000000,28,-1
19140521,AL,130,53,SLA,4,102100000,30,-1,WS1,5,200100101,29,-1
19140521,NL,113,54,BSN,3,200010000,24,-1,CHN,1,000100000,32,-1
19140521,NL,108,51,BRO,4,000001210,24,-1,CIN,8,07000010x,30,-1
19140521,NL,101,51,PHI,2,100010000,24,-1,PIT,6,10200300x,27,-1
19140521,NL,148,51,NY1,4,300000100,23,-1,SLN,8,00104021x,34,-1
19140522,AL,85,51,CHA,0,000000000,33,-1,BOS,1,10000000x,29,-1
19140522,AL,132,54,CLE,3,000201000,31,-1,NYA,2,000000020,27,-1
19140522,AL,125,51,DET,6,020100012,32,-1,PHA,9,52200000x,29,-1
19140522,AL,135,54,SLA,5,000100040,31,-1,WS1,4,000300001,30,-1
19140522,NL,109,54,BSN,2,000001100,25,-1,CHN,0,000000000,33,-1
19140522,NL,105,51,BRO,0,000000000,25,-1,CIN,6,20001201x,31,-1
19140522,NL,114,51,PHI,2,000000101,25,-1,PIT,8,06000020x,28,-1
19140522,NL,93,54,NY1,5,120001001,24,-1,SLN,1,000010000,35,-1
19140523,AL,130,51,CHA,2,000100010,34,-1,BOS,6,02010021x,30,-1
19140523,AL,194,64,CLE,9,30001014000,32,-1,NYA,10,03202100101,28,-1
19140523,AL,127,51,DET,5,200012000,33,-1,PHA,8,20000141x,30,-1
19140523,AL,135,51,SLA,1,000000100,32,-1,WS1,6,10020300x,31,-1
19140523,NL,113,52,BSN,1,000000100,26,-1,CHN,2,010000001,34,-1
19140523,NL,114,51,BRO,3,000002010,26,-1,CIN,11,50300300x,32,-1
19140523,NL,115,51,PHI,2,101000000,26,-1,PIT,7,20300020x,29,-1
19140523,NL,95,51,NY1,3,010002000,25,-1,SLN,4,02200000x,36,-1
19140524,NL,120,54,BSN,3,000030000,27,-1,CHN,2,000200000,35,-1
19140524,NL,147,54,BRO,6,000040200,27,-1,CIN,2,002000000,33,-1
19140524,NL,175,66,NY1,8,01000310003,26,-1,SLN,7,10000200202,37,-1
19140525,AL,89,54,CLE,3,001200000,33,-1,BOS,0,000000000,31,-1
19140525,AL,95,54,CHA,1,000100000,35,-1,NYA,0,000000000,29,-1
19140525,AL,122,51,SLA,2,000101000,33,-1,PHA,6,10103010x,31,-1
19140525,AL,112,51,DET,1,001000000,34,-1,WS1,10,04110022x,32,-1
19140525,NL,104,51,NY1,1,000100000,27,-1,CHN,5,00300002x,36,-1
19140525,NL,131,54,PHI,6,021000201,27,-1,CIN,4,000001120,34,-1
19140525,NL,107,53,BRO,4,010100011,28,-1,PIT,5,200101001,30,-1
19140525,NL,130,54,BSN,3,120000000,28,-1,SLN,2,000101000,38,-1
19140526,AL,134,54,CLE,3,000020001,34,-1,BOS,2,000010100,32,-1
19140526,AL,108,54,CHA,2,000010001,36,-1,NYA,1,000001000,30,-1
19140526,AL,137,54,SLA,6,300200100,34,-1,PHA,5,010003001,32,-1
19140526,AL,105,51,DET,2,000001100,35,-1,WS1,3,00200100x,33,-1
19140526,NL,158,54,NY1,10,000104131,28,-1,CHN,7,200031100,37,-1
19140526,NL,106,51,PHI,0,000000000,28,-1,CIN,10,02020501x,35,-1
19140526,NL,102,54,BRO,3,012000000,29,-1,PIT,2,000200000,31,-1
19140526,NL,120,51,BSN,2,000110000,29,-1,SLN,4,10020100x,39,-1
19140527,AL,107,51,CLE,4,110000011,35,-1,BOS,5,02101001x,33,-1
19140527,AL,80,34,SLA,1,000010,35,-1,PHA,1,001000,33,-1
19140527,AL,112,51,DET,0,000000000,36,-1,WS1,7,20012011x,34,-1
19140527,NL,115,54,NY1,3,000110100,29,-1,CHN,1,010000000,38,-1
19140527,NL,124,51,PHI,6,012000012,29,-1,CIN,8,03102011x,36,-1
19140527,NL,124,54,BSN,7,061000000,30,-1,SLN,4,000030001,40,-1
19140528,AL,125,54,CLE,5,000010103,36,-1,BOS,2,002000000,34,-1
19140528,AL,96,51,CHA,1,100000000,37,-1,NYA,6,01000311x,31,-1
19140528,AL,125,51,SLA,0,000000000,36,-1,PHA,3,20010000x,34,-1
19140528,AL,125,48,DET,8,00000530,37,-1,WS1,5,00000104,35,-1
19140528,NL,185,95,SLN,3,1000001000001000,41,-1,CHN,4,0001001000001001,39,-1
19140528,NL,103,54,PHI,2,001100000,30,-1,PIT,0,000000000,32,-1
19140529,AL,105,54,WS1,1,000000100,36,-1,BOS,0,000000000,35,-1
19140529,AL,165,59,WS1,5,2000010101,37,-1,BOS,6,0003001002,36,-1
19140529,AL,136,54,PHA,6,013000020,35,-1,NYA,2,002000000,32,-1
19140529,AL,107,54,PHA,3,000110010,36,-1,NYA,0,000000000,33,-1
19140529,NL,105,54,NY1,1,000001000,30,-1,BRO,0,000000000,30,-1
19140529,NL,108,51,BSN,1,000010000,31,-1,PHI,3,00101010x,31,-1
19140529,NL,129,54,CIN,3,002000100,37,-1,PIT,2,100001000,33,-1
19140530,AL,145,54,WS1,6,004020000,38,-1,BOS,4,120000001,37,-1
19140530,AL,110,51,WS1,2,000020000,39,-1,BOS,7,40002001x,38,-1
19140530,AL,105,54,CHA,6,121000101,38,-1,CLE,3,200000100,37,-1
19140530,AL,105,51,CHA,1,010000000,39,-1,CLE,2,10000001x,38,-1
19140530,AL,116,54,PHA,8,200003021,37,-1,NYA,0,000000000,34,-1
19140530,AL,163,51,PHA,5,400100000,38,-1,NYA,10,02011141x,35,-1
19140530,AL,105,54,DET,2,000000020,38,-1,SLA,1,000010000,37,-1
19140530,AL,102,51,DET,0,000000000,39,-1,SLA,2,00000020x,38,-1
19140530,NL,125,54,NY1,11,020002043,31,-1,BRO,1,000010000,31,-1
19140530,NL,99,54,NY1,4,103000000,32,-1,BRO,0,000000000,32,-1
19140530,NL,135,51,SLN,4,021000010,42,-1,CHN,6,00015000x,40,-1
19140530,NL,105,54,SLN,4,010200010,43,-1,CHN,2,000000002,41,-1
19140530,NL,180,64,BSN,7,02005000000,32,-1,PHI,8,00001111301,32,-1
19140530,NL,160,60,BSN,3,1010000001,33,-1,PHI,2,0000010100,33,-1
19140530,NL,113,54,CIN,3,000003000,38,-1,PIT,2,000011000,34,-1
19140530,NL,118,54,CIN,3,100200000,39,-1,PIT,0,000000000,35,-1
19140531,AL,105,51,CLE,1,000100000,39,-1,CHA,6,10200030x,40,-1
19140531,AL,101,51,DET,1,000010000,40,-1,SLA,4,10000003x,39,-1
19140531,NL,115,51,SLN,1,100000000,44,-1,CHN,11,10000271x,42,-1
19140531,NL,132,51,PIT,1,000000010,36,-1,CIN,2,01000001x,40,-1
19140531,NL,140,54,PIT,5,000310010,37,-1,CIN,5,000020102,41,-1
19140601,AL,95,51,WS1,0,000000000,40,-1,BOS,1,00001000x,39,-1
19140601,AL,152,54,SLA,10,100310032,40,-1,CLE,5,120200000,40,-1
19140601,AL,157,76,CHA,1,0000000000100,41,-1,DET,2,0000000000101,41,-1
19140601,AL,185,72,PHA,9,221100010002,39,-1,NYA,8,000203200001,36,-1
19140601,AL,90,51,PHA,2,000010010,40,-1,NYA,4,00000400x,37,-1
19140601,NL,125,51,BSN,2,200000000,34,-1,BRO,6,01220100x,33,-1
19140601,NL,103,51,BSN,2,110000000,35,-1,BRO,4,00100300x,34,-1
19140601,NL,126,51,PIT,3,000000003,38,-1,CHN,7,03010003x,43,-1
19140601,NL,130,54,NY1,11,015101003,33,-1,PHI,7,212000002,34,-1
19140601,NL,145,54,CIN,6,040020000,42,-1,SLN,4,003000010,45,-1
19140602,AL,116,51,PHA,2,000000200,41,-1,BOS,3,00000210x,40,-1
19140602,AL,112,54,PHA,4,000110020,42,-1,BOS,2,000000020,41,-1
19140602,AL,114,54,SLA,3,010100100,41,-1,CLE,0,000000000,41,-1
19140602,AL,110,51,CHA,2,020000000,42,-1,DET,5,20000300x,42,-1
19140602,AL,135,54,WS1,9,041010003,41,-1,NYA,8,302000300,38,-1
19140602,NL,150,78,BSN,3,2000000000001,36,-1,BRO,2,0000200000000,35,-1
19140602,NL,116,51,BSN,3,000002010,37,-1,BRO,4,00201010x,36,-1
19140602,NL,132,51,PIT,3,002000100,39,-1,CHN,7,03020200x,44,-1
19140602,NL,105,51,NY1,2,100010000,34,-1,PHI,9,01004031x,35,-1
19140602,NL,125,54,NY1,7,000410002,35,-1,PHI,0,000000000,36,-1
19140602,NL,125,51,CIN,4,002001100,43,-1,SLN,5,40000001x,46,-1
19140603,AL,110,54,PHA,10,010350010,43,-1,BOS,1,000010000,42,-1
19140603,AL,140,54,PHA,7,023000110,44,-1,BOS,5,101110010,43,-1
19140603,AL,132,60,CLE,6,2000000004,42,-1,CHA,2,0200000000,43,-1
19140603,AL,121,54,SLA,7,110311000,42,-1,DET,1,000000001,43,-1
19140603,AL,123,54,WS1,2,101000000,42,-1,NYA,0,000000000,39,-1
19140603,AL,120,54,WS1,5,000103001,43,-1,NYA,3,000020001,40,-1
19140603,NL,105,51,BSN,3,100000020,38,-1,BRO,6,10005000x,37,-1
19140603,NL,114,54,SLN,6,030000003,47,-1,CIN,2,010010000,44,-1
19140603,NL,105,51,NY1,3,000000120,36,-1,PHI,10,00512011x,37,-1
19140603,NL,133,54,CHN,6,030030000,45,-1,PIT,5,000004100,40,-1
19140604,AL,83,51,CLE,0,000000000,43,-1,CHA,2,20000000x,44,-1
19140605,AL,163,60,SLA,6,0002100201,43,-1,DET,5,0001000400,44,-1
19140605,AL,62,30,SLA,0,00000,44,-1,DET,3,20010,45,-1
19140605,NL,97,51,CIN,2,000101000,45,-1,BSN,7,10010122x,39,-1
19140605,NL,140,54,CHN,9,004000104,46,-1,BRO,5,020000021,38,-1
19140605,NL,124,54,SLN,8,300000041,48,-1,NY1,3,001020000,37,-1
19140605,NL,110,51,PIT,3,000102000,41,-1,PHI,13,10310710x,38,-1
19140606,AL,90,48,NYA,1,00000001,41,-1,CHA,1,00000001,45,-1
19140606,AL,194,84,BOS,4,00002100000001,44,-1,CLE,3,00012000000000,44,-1
19140606,AL,132,64,PHA,2,10000010000,45,-1,DET,3,00010100001,46,-1
19140606,AL,135,54,WS1,5,050000000,44,-1,SLA,3,021000000,45,-1
19140606,NL,132,54,CIN,6,100101030,46,-1,BSN,4,020110000,40,-1
19140606,NL,132,51,CHN,5,010301000,47,-1,BRO,7,20100040x,39,-1
19140606,NL,116,51,SLN,4,030000100,49,-1,NY1,6,20100003x,38,-1
19140606,NL,97,54,PIT,5,002010200,42,-1,PHI,2,010100000,39,-1
19140607,AL,108,51,NYA,0,000000000,42,-1,CHA,4,01000300x,46,-1
19140607,AL,92,54,BOS,2,200000000,45,-1,CLE,1,100000000,45,-1
19140607,AL,122,51,PHA,1,000001000,46,-1,DET,4,20010010x,47,-1
19140607,AL,132,58,WS1,2,0000010010,45,-1,SLA,3,0000000021,46,-1
19140608,AL,89,51,NYA,0,000000000,43,-1,CHA,1,00000001x,47,-1
19140608,AL,120,54,BOS,11,013041002,46,-1,CLE,8,012000122,46,-1
19140608,AL,115,54,PHA,5,020200010,47,-1,DET,4,100012000,48,-1
19140608,AL,215,58,WS1,7,0002211010,46,-1,SLA,8,0220012001,47,-1
19140608,NL,93,54,CIN,3,001000002,47,-1,BSN,2,001100000,41,-1
19140608,NL,105,54,CHN,3,001000002,48,-1,BRO,2,101000000,40,-1
19140608,NL,102,51,SLN,1,000000100,50,-1,NY1,4,11020000x,39,-1
19140608,NL,105,54,PIT,7,000030130,43,-1,PHI,5,002100110,40,-1
19140609,AL,113,51,NYA,4,002000002,44,-1,CHA,7,30030001x,48,-1
19140609,AL,152,54,BOS,9,001007010,47,-1,CLE,6,000100104,47,-1
19140609,AL,124,54,PHA,7,010303000,48,-1,DET,3,001200000,49,-1
19140609,AL,135,51,WS1,3,003000000,47,-1,SLA,4,20011000x,48,-1
19140609,NL,110,51,CIN,2,002000000,48,-1,BSN,3,20001000x,42,-1
19140609,NL,120,51,CHN,1,000000100,49,-1,BRO,2,11000000x,41,-1
19140609,NL,123,60,SLN,5,0000000203,51,-1,NY1,2,0000000200,40,-1
19140609,NL,88,51,PIT,1,000000001,44,-1,PHI,3,00000300x,41,-1
19140610,AL,88,51,WS1,0,000000000,48,-1,CHA,2,10000010x,49,-1
19140610,AL,125,54,PHA,8,000080000,49,-1,CLE,0,000000000,48,-1
19140610,AL,110,54,BOS,8,200010140,48,-1,DET,2,000020000,50,-1
19140610,AL,135,54,NYA,5,201000020,45,-1,SLA,3,010110000,49,-1
19140610,NL,120,51,PIT,2,100000010,45,-1,BSN,11,01041014x,43,-1
19140610,NL,145,66,SLN,6,30010000002,52,-1,BRO,4,30000001000,42,-1
19140610,NL,110,51,CHN,1,000000010,50,-1,NY1,4,11020000x,41,-1
19140610,NL,130,54,CIN,8,400000040,49,-1,PHI,2,000100001,42,-1
19140611,AL,135,54,WS1,4,010000021,49,-1,CHA,2,200000000,50,-1
19140611,AL,115,51,PHA,0,000000000,50,-1,CLE,3,00100101x,49,-1
19140611,AL,82,51,BOS,1,000010000,49,-1,DET,2,10010000x,51,-1
19140611,AL,95,51,NYA,1,001000000,46,-1,SLA,3,00010200x,50,-1
19140611,NL,95,51,PIT,2,010000100,46,-1,BSN,3,20010000x,44,-1
19140611,NL,118,54,SLN,2,000010100,53,-1,BRO,1,010000000,43,-1
19140611,NL,122,54,CHN,7,100005100,51,-1,NY1,4,100002100,42,-1
19140611,NL,100,53,CIN,2,000000200,50,-1,PHI,3,001000002,43,-1
19140612,AL,100,54,WS1,5,010030010,50,-1,CHA,0,000000000,51,-1
19140612,AL,125,54,PHA,6,001012002,51,-1,CLE,1,000000100,50,-1
19140612,AL,92,51,BOS,0,000000000,50,-1,DET,1,10000000x,52,-1
19140612,AL,120,51,NYA,3,101000010,47,-1,SLA,9,01210221x,51,-1
19140612,NL,114,51,PIT,3,100000200,47,-1,BSN,5,00003020x,45,-1
19140612,NL,207,96,SLN,8,2000011030000001,54,-1,BRO,7,3300001000000000,44,-1
19140612,NL,157,54,CHN,7,200122000,52,-1,NY1,6,004000020,43,-1
19140612,NL,102,51,CIN,1,100000000,51,-1,PHI,5,01220000x,44,-1
19140613,AL,145,54,PHA,10,110016100,52,-1,CLE,8,101012300,51,-1
19140613,AL,138,54,BOS,8,200002202,51,-1,DET,6,000310002,53,-1
19140613,AL,130,51,NYA,4,310000000,48,-1,SLA,5,00011030x,52,-1
19140613,NL,110,51,PIT,3,000110010,48,-1,BSN,4,00012001x,46,-1
19140613,NL,140,54,SLN,6,001000500,55,-1,BRO,0,000000000,45,-1
19140613,NL,125,51,CHN,4,020000011,53,-1,NY1,8,02500100x,44,-1
19140613,NL,204,89,CIN,4,021000100000000,52,-1,PHI,5,300000010000001,45,-1
19140614,AL,130,54,PHA,8,000014201,53,-1,CHA,3,012000000,52,-1
19140614,AL,100,51,WS1,0,000000000,51,-1,CLE,4,10010002x,52,-1
19140614,AL,120,51,NYA,1,000000010,49,-1,DET,3,00000003x,54,-1
19140614,AL,135,54,BOS,10,303000103,52,-1,SLA,1,000000100,53,-1
19140615,AL,136,54,PHA,9,002110410,54,-1,CHA,4,000101002,53,-1
19140615,AL,150,51,WS1,6,110000040,52,-1,CLE,7,030000202,53,-1
19140615,AL,104,51,NYA,1,000100000,50,-1,DET,4,02020000x,55,-1
19140615,AL,90,54,BOS,2,100000100,53,-1,SLA,0,000000000,54,-1
19140615,NL,132,54,CHN,7,006000010,54,-1,BSN,5,031000001,47,-1
19140615,NL,100,54,PIT,3,000020010,49,-1,NY1,2,200000000,45,-1
19140616,AL,143,54,PHA,10,030013201,55,-1,CHA,7,100001014,54,-1
19140616,AL,109,51,WS1,1,000000001,53,-1,CLE,2,00100010x,54,-1
19140616,AL,97,51,NYA,0,000000000,51,-1,DET,3,00000300x,56,-1
19140616,AL,120,54,BOS,2,100001000,54,-1,SLA,0,000000000,55,-1
19140616,NL,146,51,CHN,5,000302000,55,-1,BSN,7,01401001x,48,-1
19140616,NL,130,54,CIN,7,004100020,53,-1,BRO,4,400000000,46,-1
19140616,NL,105,51,PIT,0,000000000,50,-1,NY1,3,00000210x,46,-1
19140616,NL,110,54,SLN,4,001002100,56,-1,PHI,3,010100001,46,-1
19140617,AL,105,51,PHA,0,000000000,56,-1,CHA,5,00121001x,55,-1
19140617,AL,130,51,WS1,2,100100000,54,-1,CLE,7,01002202x,55,-1
19140617,AL,106,54,NYA,4,202000000,52,-1,DET,3,010000011,57,-1
19140617,AL,105,51,BOS,0,000000000,55,-1,SLA,4,02000200x,56,-1
19140617,NL,146,51,CHN,3,011001000,56,-1,BSN,8,30302000x,49,-1
19140617,NL,132,51,CHN,3,000000102,57,-1,BSN,7,50000101x,50,-1
19140617,NL,156,58,CIN,1,0000000010,54,-1,BRO,2,0000001001,47,-1
19140617,NL,92,51,PIT,0,000000000,51,-1,NY1,5,10000220x,47,-1
19140617,NL,135,58,SLN,4,0020000020,57,-1,PHI,5,1000010111,47,-1
19140618,AL,106,54,BOS,8,001000601,56,-1,CHA,0,000000000,56,-1
19140618,AL,99,51,WS1,2,000000101,55,-1,DET,4,00030001x,58,-1
19140618,AL,153,51,PHA,5,010000031,57,-1,SLA,6,10210110x,57,-1
19140618,NL,157,54,SLN,6,202000002,58,-1,BSN,5,020201000,51,-1
19140618,NL,127,54,CIN,4,200000002,55,-1,BRO,1,000010000,48,-1
19140618,NL,136,54,PIT,4,000000040,52,-1,NY1,3,000101100,48,-1
19140618,NL,122,51,CHN,4,300000001,58,-1,PHI,12,01500240x,48,-1
19140619,AL,102,51,BOS,2,100100000,57,-1,CHA,3,10010010x,57,-1
19140619,AL,155,58,WS1,2,0100001000,56,-1,DET,3,0000100101,59,-1
19140619,AL,120,51,PHA,2,200000000,58,-1,SLA,6,50000100x,58,-1
19140619,NL,167,51,SLN,5,000001040,59,-1,BSN,7,00001024x,52,-1
19140619,NL,122,51,CIN,0,000000000,56,-1,NY1,6,01003002x,49,-1
19140619,NL,135,60,CHN,8,0120030002,59,-1,PHI,7,0300021001,49,-1
19140620,AL,105,51,BOS,2,001000001,58,-1,CHA,5,00040010x,58,-1
19140620,AL,130,54,NYA,7,000060100,53,-1,CLE,1,000010000,56,-1
19140620,AL,105,51,WS1,0,000000000,57,-1,DET,1,00000010x,60,-1
19140620,AL,100,54,PHA,5,000010040,59,-1,SLA,2,002000000,59,-1
19140620,NL,104,51,SLN,2,100000001,60,-1,BSN,3,02000100x,53,-1
19140620,NL,102,54,PIT,4,300001000,53,-1,BRO,3,100000011,49,-1
19140620,NL,122,51,CIN,2,000100001,57,-1,NY1,7,50002000x,50,-1
19140620,NL,105,54,CHN,5,400000001,60,-1,PHI,4,013000000,50,-1
19140621,AL,107,51,BOS,3,000012000,59,-1,CHA,5,20201000x,59,-1
19140621,AL,130,51,NYA,3,000012000,54,-1,CLE,7,01103200x,57,-1
19140621,AL,100,54,WS1,7,000050101,58,-1,DET,3,011001000,61,-1
19140621,AL,130,51,PHA,0,000000000,60,-1,SLA,5,10000040x,60,-1
19140622,AL,120,51,BOS,4,004000000,60,-1,CHA,5,01012001x,60,-1
19140622,AL,105,54,WS1,4,202000000,59,-1,DET,3,110000100,62,-1
19140622,AL,135,54,PHA,3,000200100,61,-1,SLA,0,000000000,61,-1
19140622,NL,134,54,SLN,4,000100030,61,-1,BSN,3,010010010,54,-1
19140622,NL,103,51,PIT,1,000000100,54,-1,BRO,5,20200100x,50,-1
19140622,NL,87,52,CIN,2,101000000,58,-1,NY1,3,000020001,51,-1
19140623,AL,135,54,CLE,5,202010000,58,-1,DET,4,000000310,63,-1
19140623,NL,75,51,PIT,1,000000010,55,-1,BRO,2,20000000x,51,-1
19140623,NL,135,54,SLN,7,105000010,62,-1,PHI,5,110000030,51,-1
19140624,AL,107,51,DET,2,000110000,64,-1,CHA,5,00210002x,61,-1
19140624,AL,103,54,BOS,3,000030000,61,-1,NYA,0,000000000,55,-1
19140624,AL,115,51,BOS,2,001000100,62,-1,NYA,3,010000101,56,-1
19140624,AL,170,51,CLE,4,011000110,59,-1,SLA,5,010003001,62,-1
19140624,AL,130,51,CLE,1,010000000,60,-1,SLA,3,00002100x,63,-1
19140624,AL,130,51,PHA,3,001200000,62,-1,WS1,4,00030001x,60,-1
19140624,AL,110,51,PHA,1,000000100,63,-1,WS1,2,00200000x,61,-1
19140624,NL,132,51,NY1,3,010002000,52,-1,BSN,7,01103110x,55,-1
19140624,NL,118,54,NY1,4,000030001,53,-1,BSN,0,000000000,56,-1
19140624,NL,137,54,CHN,11,000090020,61,-1,CIN,5,000210200,59,-1
19140624,NL,95,51,BRO,0,000000000,52,-1,PHI,2,00011000x,52,-1
19140624,NL,110,51,BRO,1,100000000,53,-1,PHI,6,30000012x,53,-1
19140624,NL,115,54,SLN,3,010110000,63,-1,PIT,0,000000000,56,-1
19140625,AL,113,52,DET,2,100000100,65,-1,CHA,3,000020001,62,-1
19140625,AL,105,51,BOS,2,000200000,63,-1,NYA,3,00020010x,57,-1
19140625,AL,70,54,BOS,4,100021000,64,-1,NYA,3,001000020,58,-1
19140625,AL,150,54,CLE,6,021000030,61,-1,SLA,3,000001002,64,-1
19140625,NL,140,52,NY1,6,220000200,54,-1,BSN,7,113010001,57,-1
19140625,NL,125,52,BRO,7,000411010,54,-1,PHI,8,000004013,54,-1
19140625,NL,118,51,SLN,1,001000000,64,-1,PIT,4,00000310x,57,-1
19140626,AL,90,51,DET,1,000000010,66,-1,CHA,2,00000200x,63,-1
19140626,AL,123,60,BOS,2,0000010001,65,-1,NYA,1,0000100000,59,-1
19140626,AL,150,58,WS1,5,1000000220,63,-1,PHA,6,2020100001,65,-1
19140626,AL,,0,WS1,0,,62,,PHA,0,,64,
19140626,AL,110,51,CLE,0,000000000,62,-1,SLA,2,20000000x,65,-1
19140626,NL,125,54,NY1,8,110040020,55,-1,BSN,4,100020010,58,-1
19140626,NL,135,54,NY1,10,003006010,56,-1,BSN,4,000010111,59,-1
19140626,NL,120,51,PHI,4,010011001,55,-1,BRO,7,32100010x,55,-1
19140626,NL,126,54,CHN,6,203001000,62,-1,CIN,2,100001000,60,-1
19140626,NL,100,42,CHN,1,0001000,63,-1,CIN,0,0000000,61,-1
19140626,NL,126,58,SLN,2,0001100000,65,-1,PIT,3,0100010001,58,-1
19140627,AL,135,54,DET,2,010010000,67,-1,CHA,0,000000000,64,-1
19140627,AL,125,54,BOS,5,200020001,66,-1,NYA,3,030000000,60,-1
19140627,AL,103,51,WS1,2,100000010,64,-1,PHA,4,40000000x,66,-1
19140627,AL,180,54,CLE,16,100544200,63,-1,SLA,4,002020000,66,-1
19140627,AL,62,27,CLE,3,03000,64,-1,SLA,4,2002x,67,-1
19140627,NL,117,51,NY1,2,000010100,57,-1,BSN,4,00003010x,60,-1
19140627,NL,95,51,PHI,2,000100010,56,-1,BRO,6,21000003x,56,-1
19140627,NL,133,51,PHI,4,100003000,57,-1,BRO,10,05012011x,57,-1
19140627,NL,115,54,CHN,7,004000003,64,-1,CIN,0,000000000,62,-1
19140627,NL,107,42,SLN,2,1000010,66,-1,PIT,4,0100102,59,-1
19140628,AL,143,58,SLA,1,0000100000,68,-1,CHA,2,0001000001,65,-1
19140628,AL,136,57,SLA,2,0010001000,69,-1,CHA,3,0000000021,66,-1
19140628,AL,115,51,CLE,4,100010200,65,-1,DET,6,40100100x,68,-1
19140628,NL,124,53,PIT,6,111000300,60,-1,CIN,7,000001105,63,-1
19140628,NL,87,51,PIT,0,000000000,61,-1,CIN,1,01000000x,64,-1
19140628,NL,110,51,CHN,0,000000000,65,-1,SLN,6,01003110x,67,-1
19140628,NL,140,54,CHN,8,110060000,66,-1,SLN,5,000200030,68,-1
19140629,AL,106,54,CHA,3,000102000,67,-1,DET,2,100000010,69,-1
19140629,AL,135,54,BOS,7,003110011,67,-1,PHA,1,001000000,67,-1
19140629,AL,110,51,BOS,2,000000002,68,-1,PHA,7,51000010x,68,-1
19140629,AL,95,51,NYA,0,000000000,61,-1,WS1,1,00100000x,65,-1
19140629,NL,150,51,CIN,7,000000700,65,-1,CHN,10,01001602x,67,-1
19140629,NL,136,54,BRO,8,020111120,58,-1,NY1,7,000300022,58,-1
19140629,NL,130,51,BRO,6,100010310,59,-1,NY1,8,01400102x,59,-1
19140629,NL,115,54,PIT,4,100020001,62,-1,SLN,1,000000001,69,-1
19140630,AL,115,51,SLA,3,000010002,70,-1,CLE,8,11000303x,66,-1
19140630,AL,118,54,SLA,5,102200000,71,-1,CLE,0,000000000,67,-1
19140630,AL,114,51,CHA,1,000001000,68,-1,DET,8,00003203x,70,-1
19140630,AL,112,54,BOS,5,200000210,69,-1,PHA,3,001001100,69,-1
19140630,AL,160,64,NYA,1,00001000000,62,-1,WS1,2,00000100001,66,-1
19140630,NL,180,78,PHI,5,2001000000002,58,-1,BSN,4,2000001000001,61,-1
19140630,NL,90,45,PHI,2,10000100,59,-1,BSN,4,0000040x,62,-1
19140630,NL,144,51,CIN,1,000000100,66,-1,CHN,5,00001013x,68,-1
19140630,NL,105,51,BRO,1,000010000,60,-1,NY1,3,00012000x,60,-1
19140630,NL,88,51,PIT,0,000000000,63,-1,SLN,1,00000010x,70,-1
19140701,AL,125,51,NYA,4,010010002,63,-1,WS1,7,00301030x,67,-1
19140701,NL,105,54,PHI,7,400000120,60,-1,BSN,2,000000110,63,-1
19140701,NL,80,54,PHI,5,100040000,61,-1,BSN,0,000000000,64,-1
19140701,NL,100,51,CIN,0,000000000,67,-1,CHN,7,11000005x,69,-1
19140701,NL,120,51,PIT,1,000000001,64,-1,SLN,5,01111001x,71,-1
19140702,AL,102,51,CLE,0,000000000,68,-1,DET,4,10001110x,71,-1
19140702,AL,145,54,BOS,7,300000004,70,-1,PHA,6,000300102,70,-1
19140702,AL,110,54,BOS,7,010001041,71,-1,PHA,1,000000100,71,-1
19140702,AL,120,54,NYA,6,001010301,64,-1,WS1,1,010000000,68,-1
19140702,NL,115,51,CIN,3,000030000,68,-1,CHN,5,00301001x,70,-1
19140702,NL,122,54,BRO,7,010000141,61,-1,NY1,2,000000011,61,-1
19140703,AL,180,77,SLA,2,0000002000000,72,-1,CHA,3,0002000000001,69,-1
19140703,AL,102,51,CLE,2,000200000,69,-1,DET,8,20110040x,72,-1
19140703,AL,86,51,NYA,0,000000000,65,-1,PHA,2,00020000x,72,-1
19140703,AL,115,51,NYA,0,000000000,66,-1,PHA,1,00000010x,73,-1
19140703,AL,105,51,BOS,0,000000000,72,-1,WS1,12,10220403x,69,-1
19140703,AL,120,60,BOS,3,0000000102,73,-1,WS1,1,0000001000,70,-1
19140703,NL,130,54,BRO,6,210200100,62,-1,BSN,5,200000300,65,-1
19140703,NL,110,51,PHI,3,000000003,62,-1,NY1,6,10120200x,62,-1
19140703,NL,106,51,CHN,1,010000000,71,-1,PIT,2,00000020x,65,-1
19140703,NL,110,54,CIN,5,000200021,69,-1,SLN,3,100010001,72,-1
19140704,AL,115,51,SLA,3,000120000,73,-1,CHA,4,20011000x,70,-1
19140704,AL,110,51,SLA,0,000000000,74,-1,CHA,9,00001206x,71,-1
19140704,AL,143,54,CLE,10,031411000,70,-1,DET,8,300040001,73,-1
19140704,AL,130,69,CLE,2,000000110000,71,-1,DET,3,020000000001,74,-1
19140704,AL,140,54,NYA,7,010010041,67,-1,PHA,5,101100101,74,-1
19140704,AL,110,51,NYA,2,000010010,68,-1,PHA,6,10041000x,75,-1
19140704,AL,85,54,BOS,1,000100000,74,-1,WS1,0,000000000,71,-1
19140704,AL,90,51,BOS,2,200000000,75,-1,WS1,3,10000200x,72,-1
19140704,NL,160,66,BRO,7,00200101003,63,-1,BSN,5,00100000301,66,-1
19140704,NL,140,54,BRO,4,000110011,64,-1,BSN,3,210000000,67,-1
19140704,NL,126,51,PHI,4,100000030,63,-1,NY1,5,30011000x,63,-1
19140704,NL,90,51,PHI,0,000000000,64,-1,NY1,3,00000102x,64,-1
19140704,NL,97,54,CHN,1,000010000,72,-1,PIT,0,000000000,66,-1
19140704,NL,115,54,CHN,4,103000000,73,-1,PIT,2,000002000,67,-1
19140704,NL,100,51,CIN,3,100020000,70,-1,SLN,4,01002010x,73,-1
19140704,NL,105,51,CIN,1,000010000,71,-1,SLN,8,01000403x,74,-1
19140705,AL,127,51,CLE,3,000102000,72,-1,CHA,6,00100041x,72,-1
19140705,AL,166,84,SLA,6,30100001000001,75,-1,DET,5,20100020000000,75,-1
19140705,AL,89,54,SLA,2,200000000,76,-1,DET,0,000000000,76,-1
19140705,NL,142,59,PIT,4,0000103000,68,-1,CHN,5,0001000301,74,-1
19140705,NL,120,54,CIN,7,100312000,72,-1,SLN,0,000000000,75,-1
19140706,AL,112,51,NYA,0,000000000,69,-1,PHA,2,02000000x,76,-1
19140706,AL,100,51,BOS,0,000000000,76,-1,WS1,1,00010000x,73,-1
19140706,NL,99,51,BRO,1,000100000,65,-1,BSN,3,00300000x,68,-1
19140706,NL,100,51,BRO,0,000000000,66,-1,BSN,1,01000000x,69,-1
19140706,NL,127,51,PHI,4,010030000,65,-1,NY1,5,100001003,65,-1
19140706,NL,127,54,PHI,7,430000000,66,-1,NY1,2,100100000,66,-1
19140707,AL,90,51,SLA,2,000000011,77,-1,WS1,7,04030000x,74,-1
19140707,NL,95,51,NY1,2,200000000,67,-1,PIT,5,10211000x,69,-1
19140708,AL,135,60,CHA,4,1001000002,73,-1,BOS,2,0000101000,77,-1
19140708,AL,108,54,CHA,5,010012010,74,-1,BOS,4,000010030,78,-1
19140708,AL,105,51,CLE,1,100000000,73,-1,NYA,7,10020004x,70,-1
19140708,AL,100,51,DET,0,000000000,77,-1,PHA,3,01020000x,77,-1
19140708,AL,120,54,SLA,6,320010000,78,-1,WS1,5,000100040,75,-1
19140708,NL,187,66,BSN,7,04000000003,70,-1,CHN,4,00110101000,75,-1
19140708,NL,111,51,BRO,5,010001003,67,-1,CIN,6,03002010x,73,-1
19140708,NL,129,54,PHI,10,231400000,67,-1,PIT,7,021200002,70,-1
19140708,NL,110,51,NY1,3,003000000,68,-1,SLN,4,00100102x,76,-1
19140709,AL,106,54,CHA,3,002000100,75,-1,BOS,2,100000001,79,-1
19140709,AL,125,51,CLE,4,300000010,74,-1,NYA,7,06001000x,71,-1
19140709,AL,135,60,CLE,3,0000300000,75,-1,NYA,3,0001020000,72,-1
19140709,AL,122,54,DET,8,610100000,78,-1,PHA,3,200000100,78,-1
19140709,AL,118,54,DET,5,102100100,79,-1,PHA,3,020001000,79,-1
19140709,AL,110,54,SLA,1,000100000,79,-1,WS1,0,000000000,76,-1
19140709,NL,117,54,BSN,3,010200000,71,-1,CHN,1,000000100,76,-1
19140709,NL,150,54,BRO,6,000001401,68,-1,CIN,5,000300011,74,-1
19140709,NL,94,54,PHI,1,000100000,68,-1,PIT,0,000000000,71,-1
19140709,NL,188,77,NY1,4,1100002000000,69,-1,SLN,5,3010000000001,77,-1
19140710,AL,108,51,CHA,1,010000000,76,-1,BOS,5,00004100x,80,-1
19140710,AL,118,54,CLE,7,100103101,76,-1,NYA,2,000100001,73,-1
19140710,AL,85,33,CLE,0,000000,77,-1,NYA,1,00100x,74,-1
19140710,AL,180,66,DET,8,00000006200,80,-1,PHA,8,20300000300,80,-1
19140710,AL,115,51,SLA,4,000010003,80,-1,WS1,8,34000100x,77,-1
19140710,NL,171,51,BSN,6,100040001,72,-1,CHN,11,04201004x,77,-1
19140710,NL,153,54,BRO,11,000400430,69,-1,CIN,6,110000400,75,-1
19140710,NL,103,54,PHI,5,201002000,69,-1,PIT,2,000000002,72,-1
19140710,NL,109,51,NY1,0,000000000,70,-1,SLN,2,10001000x,78,-1
19140711,AL,93,51,CLE,3,000100200,78,-1,BOS,4,10020010x,81,-1
19140711,AL,137,51,CHA,4,310000000,77,-1,NYA,9,03022020x,75,-1
19140711,AL,188,72,SLA,4,200010000001,81,-1,PHA,3,000120000000,81,-1
19140711,AL,145,51,SLA,4,100001200,82,-1,PHA,6,00210003x,82,-1
19140711,AL,110,51,DET,2,010000001,81,-1,WS1,4,10030000x,78,-1
19140711,NL,130,54,BSN,5,002020001,73,-1,CHN,2,110000000,78,-1
19140711,NL,120,51,BRO,5,000101003,70,-1,CIN,6,01032000x,76,-1
19140711,NL,118,51,PHI,1,100000000,70,-1,PIT,3,00011100x,73,-1
19140711,NL,145,54,NY1,13,000042403,71,-1,SLN,9,013011201,79,-1
19140712,NL,130,54,NY1,7,010220020,72,-1,CHN,2,000100001,79,-1
19140712,NL,118,54,PHI,7,250000000,71,-1,CIN,4,030000100,77,-1
19140712,NL,170,54,BSN,12,102300402,74,-1,SLN,5,003000011,80,-1
19140713,AL,116,51,CLE,0,000000000,79,-1,BOS,2,00011000x,82,-1
19140713,AL,122,54,CHA,2,000000020,78,-1,NYA,0,000000000,76,-1
19140713,AL,122,51,CHA,1,000001000,79,-1,NYA,3,00110010x,77,-1
19140713,AL,105,51,DET,0,000000000,82,-1,WS1,3,00001101x,79,-1
19140713,NL,126,51,NY1,2,000000002,73,-1,CHN,4,00002002x,80,-1
19140713,NL,205,72,BSN,8,301010100002,75,-1,SLN,7,020000301001,81,-1
19140714,AL,107,51,CLE,1,000001000,80,-1,BOS,2,00011000x,83,-1
19140714,AL,105,54,DET,2,000000101,83,-1,WS1,0,000000000,80,-1
19140714,NL,145,54,NY1,12,301105011,74,-1,CHN,8,101201030,81,-1
19140714,NL,112,54,PHI,5,001110020,72,-1,CIN,3,000011001,78,-1
19140714,NL,120,51,PHI,2,010000010,73,-1,CIN,5,03020000x,79,-1
19140714,NL,118,52,BSN,2,000110000,76,-1,SLN,3,000100002,82,-1
19140715,AL,105,51,CLE,0,000000000,81,-1,BOS,4,20000200x,84,-1
19140715,AL,140,54,CHA,3,001010010,80,-1,NYA,2,100000001,78,-1
19140715,AL,100,45,CHA,1,00000010,81,-1,NYA,2,0020000x,79,-1
19140715,AL,120,48,DET,3,10110000,84,-1,WS1,3,00200010,81,-1
19140715,NL,115,52,NY1,4,003000001,75,-1,CHN,5,001100003,82,-1
19140715,NL,132,51,PHI,4,020002000,74,-1,CIN,6,20010003x,80,-1
19140715,NL,112,51,BRO,3,010000110,71,-1,PIT,4,12000001x,74,-1
19140715,NL,105,51,BSN,3,002100000,77,-1,SLN,5,00002102x,83,-1
19140716,AL,117,54,DET,5,000230000,85,-1,BOS,2,000000200,85,-1
19140716,AL,110,51,SLA,4,012000001,83,-1,NYA,6,00041001x,80,-1
19140716,AL,135,51,CHA,6,010401000,82,-1,PHA,10,20300203x,83,-1
19140716,AL,115,54,CLE,2,101000000,82,-1,WS1,0,000000000,82,-1
19140716,NL,105,54,BRO,4,000001030,72,-1,PIT,3,001000200,75,-1
19140716,NL,117,54,BRO,5,400010000,73,-1,PIT,2,000001010,76,-1
19140716,NL,135,60,PHI,6,2010000003,75,-1,SLN,3,0000003000,84,-1
19140717,AL,112,51,DET,2,000001001,86,-1,BOS,8,00020240x,86,-1
19140717,AL,115,54,CLE,3,000201000,83,-1,WS1,1,010000000,83,-1
19140717,NL,110,51,BRO,2,110000000,74,-1,CHN,3,00020100x,83,-1
19140717,NL,108,54,BSN,1,000100000,78,-1,CIN,0,000000000,81,-1
19140717,NL,222,126,NY1,3,001000000000000000002,76,-1,PIT,1,100000000000000000000,77,-1
19140717,NL,130,51,PHI,4,000000031,76,-1,SLN,8,01200320x,85,-1
19140718,AL,180,78,DET,4,0000101000002,87,-1,BOS,2,0100010000000,87,-1
19140718,AL,125,51,SLA,2,001000001,84,-1,NYA,5,00201101x,81,-1
19140718,AL,116,51,CHA,1,100000000,83,-1,PHA,4,00100300x,84,-1
19140718,AL,95,51,CHA,1,000001000,84,-1,PHA,5,30100100x,85,-1
19140718,AL,115,51,CLE,3,030000000,84,-1,WS1,5,10020002x,84,-1
19140718,NL,100,51,BRO,2,000000200,75,-1,CHN,4,00202000x,84,-1
19140718,NL,113,54,BSN,6,100022010,79,-1,CIN,3,000100101,82,-1
19140718,NL,136,51,NY1,0,000000000,77,-1,PIT,3,10020000x,78,-1
19140718,NL,130,60,NY1,6,1010001003,78,-1,PIT,5,0002100002,79,-1
19140718,NL,125,53,PHI,5,302000000,77,-1,SLN,6,302000001,86,-1
19140719,NL,100,51,BRO,3,101000001,76,-1,CHN,7,02050000x,85,-1
19140719,NL,125,54,BSN,3,000000003,80,-1,CIN,2,000000200,83,-1
19140719,NL,128,52,PHI,4,010001002,78,-1,SLN,5,200000003,87,-1
19140720,AL,190,95,DET,2,0000000020000000,88,-1,BOS,3,0001100000000001,88,-1
19140720,AL,147,54,SLA,3,100002000,85,-1,NYA,1,100000000,82,-1
19140720,AL,122,54,SLA,6,003011001,86,-1,NYA,2,000001001,83,-1
19140720,AL,100,51,CHA,0,000000000,85,-1,PHA,3,10000020x,86,-1
19140720,AL,150,54,CLE,2,010010000,85,-1,WS1,1,000100000,85,-1
19140720,NL,105,51,PHI,1,000000001,79,-1,CHN,8,10310003x,86,-1
19140720,NL,102,54,NY1,5,200020010,79,-1,CIN,0,000000000,84,-1
19140720,NL,106,54,BSN,1,000000001,81,-1,PIT,0,000000000,80,-1
19140720,NL,113,51,BRO,6,010010004,77,-1,SLN,7,02310001x,88,-1
19140721,AL,70,33,SLA,1,010000,87,-1,BOS,1,00001x,89,-1
19140721,AL,105,51,DET,5,004000100,89,-1,NYA,7,10301200x,84,-1
19140721,AL,140,65,CLE,1,00001000000,86,-1,PHA,2,00000000101,87,-1
19140721,AL,110,51,CLE,6,301000200,87,-1,PHA,7,00205000x,88,-1
19140721,AL,95,51,CHA,0,000000000,86,-1,WS1,4,00010300x,86,-1
19140721,NL,125,51,PHI,3,201000000,80,-1,CHN,4,01001002x,87,-1
19140721,NL,163,78,NY1,6,0001011200001,80,-1,CIN,5,2000030000000,85,-1
19140721,NL,110,54,BSN,6,001000140,82,-1,PIT,0,000000000,81,-1
19140721,NL,113,51,BRO,4,020011000,78,-1,SLN,5,00000500x,89,-1
19140722,AL,125,51,SLA,3,110001000,88,-1,BOS,5,20100200x,90,-1
19140722,AL,120,51,SLA,2,010000010,89,-1,BOS,6,01100013x,91,-1
19140722,AL,104,51,DET,1,010000000,90,-1,NYA,3,10000110x,85,-1
19140722,AL,124,51,DET,5,300000011,91,-1,NYA,8,10007000x,86,-1
19140722,AL,105,51,CLE,0,000000000,88,-1,PHA,3,10000101x,89,-1
19140722,AL,140,54,CHA,9,110030004,87,-1,WS1,5,101120000,87,-1
19140722,NL,97,51,PHI,2,000011000,81,-1,CHN,4,00004000x,88,-1
19140722,NL,94,54,NY1,4,130000000,81,-1,CIN,1,000100000,86,-1
19140722,NL,115,66,BSN,1,00000000001,83,-1,PIT,0,00000000000,82,-1
19140722,NL,124,51,BSN,4,022000000,84,-1,PIT,8,00110006x,83,-1
19140722,NL,110,51,BRO,1,100000000,79,-1,SLN,2,20000000x,90,-1
19140723,AL,102,52,DET,1,010000000,92,-1,NYA,1,000010000,87,-1
19140723,AL,120,51,CLE,2,000000101,89,-1,PHA,9,02003031x,90,-1
19140723,AL,115,51,CHA,3,010110000,88,-1,WS1,5,00000050x,88,-1
19140723,NL,139,51,PHI,8,000403001,82,-1,CHN,15,30512040x,89,-1
19140723,NL,127,54,NY1,13,150000133,82,-1,CIN,4,001010110,87,-1
19140723,NL,105,54,BSN,2,100010000,85,-1,PIT,0,000000000,84,-1
19140723,NL,108,51,BRO,2,100000100,80,-1,SLN,4,00010030x,91,-1
19140724,NL,97,51,PHI,2,200000000,83,-1,PIT,3,10200000x,85,-1
19140725,AL,137,75,NYA,0,0000000000000,88,-1,CHA,1,0000000000001,89,-1
19140725,AL,170,66,BOS,8,00000201302,92,-1,CLE,6,40001001000,90,-1
19140725,AL,134,54,PHA,10,213000004,91,-1,DET,4,000200200,93,-1
19140725,NL,125,54,CHN,5,101001200,90,-1,BSN,4,002200000,86,-1
19140725,NL,102,54,CIN,4,002100001,88,-1,BRO,3,200000001,81,-1
19140725,NL,110,51,CIN,1,001000000,89,-1,BRO,5,00021020x,82,-1
19140725,NL,90,51,PIT,2,010000100,86,-1,NY1,4,20200000x,83,-1
19140725,NL,90,51,SLN,0,000000000,92,-1,PHI,3,21000000x,84,-1
19140726,AL,106,54,NYA,1,001000000,89,-1,CHA,0,000000000,90,-1
19140726,AL,125,51,NYA,3,020000100,90,-1,CHA,7,02401000x,91,-1
19140726,AL,100,54,BOS,4,000100003,93,-1,CLE,1,000100000,91,-1
19140726,AL,135,60,PHA,8,0131000012,92,-1,DET,6,0200020110,94,-1
19140726,AL,132,54,WS1,2,200000000,89,-1,SLA,0,000000000,90,-1
19140726,AL,108,51,WS1,1,000000010,90,-1,SLA,4,20100100x,91,-1
19140727,AL,105,54,NYA,5,001301000,91,-1,CHA,0,000000000,92,-1
19140727,AL,110,54,BOS,3,101100000,94,-1,CLE,0,000000000,92,-1
19140727,AL,118,54,PHA,8,320020100,93,-1,DET,3,001100100,95,-1
19140727,AL,190,78,WS1,7,3003000000001,91,-1,SLA,6,3002000010000,92,-1
19140727,NL,115,51,CHN,3,000020100,91,-1,BSN,5,20001002x,87,-1
19140727,NL,115,42,CIN,6,1030002,90,-1,BRO,5,2000030,83,-1
19140727,NL,114,54,PIT,3,000030000,87,-1,NY1,1,000010000,84,-1
19140727,NL,113,54,SLN,9,400020021,93,-1,PHI,4,100100020,85,-1
19140727,NL,100,51,SLN,0,000000000,94,-1,PHI,2,11000000x,86,-1
19140728,AL,115,51,NYA,2,010000001,92,-1,CHA,6,00101103x,93,-1
19140728,AL,105,51,BOS,3,100000101,95,-1,CLE,4,10300000x,93,-1
19140728,AL,115,51,PHA,3,111000000,94,-1,DET,4,00010201x,96,-1
19140728,AL,145,54,WS1,7,300020110,92,-1,SLA,3,000010110,93,-1
19140729,AL,150,60,BOS,8,1000100114,96,-1,CHA,4,0003100000,94,-1
19140729,AL,138,54,NYA,6,100000023,93,-1,CLE,2,010010000,94,-1
19140729,AL,130,54,NYA,10,302300011,94,-1,CLE,6,000103002,95,-1
19140729,AL,147,54,WS1,9,110400111,93,-1,DET,7,003040000,97,-1
19140729,AL,145,54,PHA,5,100002020,95,-1,SLA,0,000000000,94,-1
19140729,NL,135,51,CHN,3,100110000,92,-1,BSN,8,20300030x,88,-1
19140729,NL,211,96,CIN,8,0010000120000004,91,-1,BRO,5,0000110200000001,84,-1
19140729,NL,100,52,PIT,0,000000000,88,-1,NY1,1,000000001,85,-1
19140729,NL,130,72,SLN,8,000030010004,95,-1,PHI,5,002011000001,87,-1
19140730,AL,115,54,BOS,4,200002000,97,-1,CHA,0,000000000,95,-1
19140730,AL,127,60,NYA,3,0000200001,95,-1,CLE,2,0002000000,96,-1
19140730,AL,120,54,NYA,8,007000100,96,-1,CLE,6,300010200,97,-1
19140730,AL,138,58,WS1,2,2000000000,94,-1,DET,3,0020000001,98,-1
19140730,AL,125,54,PHA,4,000121000,96,-1,SLA,1,001000000,95,-1
19140730,NL,120,53,SLN,1,010000000,96,-1,BSN,2,001000001,89,-1
19140730,NL,120,54,PIT,7,040100110,89,-1,BRO,2,000010001,85,-1
19140730,NL,97,54,CIN,2,000000002,92,-1,NY1,0,000000000,86,-1
19140730,NL,140,70,CHN,3,000120000000,93,-1,PHI,4,100000110001,88,-1
19140730,NL,104,54,CHN,5,102010001,94,-1,PHI,1,000010000,89,-1
19140731,AL,115,54,BOS,5,004001000,98,-1,CHA,1,000000100,96,-1
19140731,AL,130,54,NYA,7,300001201,97,-1,CLE,2,020000000,98,-1
19140731,AL,99,54,WS1,3,000020100,95,-1,DET,1,000000100,99,-1
19140731,AL,176,60,PHA,9,2001210003,97,-1,SLA,7,0130200001,96,-1
19140731,NL,100,51,SLN,0,000000000,97,-1,BSN,2,01010000x,90,-1
19140731,NL,107,51,PIT,3,000101100,90,-1,BRO,9,10003311x,86,-1
19140731,NL,130,54,CIN,4,000010210,93,-1,NY1,3,210000000,87,-1
19140731,NL,92,51,CHN,1,100000000,95,-1,PHI,8,02202200x,90,-1
19140801,AL,100,54,BOS,4,000000310,99,-1,CHA,2,000101000,97,-1
19140801,AL,97,51,NYA,0,000000000,98,-1,CLE,7,41011000x,99,-1
19140801,AL,120,54,NYA,9,002034000,99,-1,CLE,2,100001000,100,-1
19140801,AL,101,54,WS1,3,000000012,96,-1,DET,0,000000000,100,-1
19140801,AL,180,54,PHA,9,420000030,98,-1,SLA,5,000005000,97,-1
19140801,NL,125,59,SLN,3,1000000020,98,-1,BSN,4,0000000301,91,-1
19140801,NL,92,51,PIT,1,010000000,91,-1,BRO,7,00303100x,87,-1
19140801,NL,94,51,PIT,1,001000000,92,-1,BRO,10,08000200x,88,-1
19140801,NL,103,54,CIN,6,060000000,94,-1,NY1,1,000100000,88,-1
19140801,NL,105,51,CHN,4,100002001,96,-1,PHI,10,60002020x,91,-1
19140802,AL,125,54,PHA,5,000200210,99,-1,CHA,2,000010100,98,-1
19140802,AL,120,51,WS1,4,000010201,97,-1,CLE,9,14020110x,101,-1
19140802,AL,95,51,NYA,3,000111000,100,-1,DET,4,00010102x,101,-1
19140802,AL,151,69,BOS,0,000000000000,100,-1,SLA,1,000000000001,98,-1
19140803,AL,155,51,PHA,8,002000510,100,-1,CHA,9,01000305x,99,-1
19140803,AL,135,54,WS1,7,100400020,98,-1,CLE,4,010030000,102,-1
19140803,AL,90,51,NYA,1,000000010,101,-1,DET,4,02000200x,102,-1
19140803,AL,123,51,BOS,1,010000000,101,-1,SLA,6,00100500x,99,-1
19140803,NL,100,52,SLN,0,000000000,99,-1,BSN,1,000000001,92,-1
19140803,NL,136,78,PIT,7,0010001100004,93,-1,BRO,3,1000101000000,89,-1
19140803,NL,107,51,CIN,2,000100001,95,-1,NY1,7,02100004x,89,-1
19140803,NL,134,54,CIN,5,000000050,96,-1,NY1,4,300000100,90,-1
19140803,NL,89,51,CHN,0,000000000,97,-1,PHI,5,01202000x,92,-1
19140804,AL,125,54,PHA,5,003010010,101,-1,CHA,4,120000010,100,-1
19140804,AL,137,54,WS1,7,200101300,99,-1,CLE,6,200000013,103,-1
19140804,AL,100,51,NYA,3,000011001,102,-1,DET,9,40010400x,103,-1
19140804,AL,95,52,BOS,1,000001000,102,-1,SLA,2,000100001,100,-1
19140804,NL,88,51,PIT,0,000000000,94,-1,BSN,1,01000000x,93,-1
19140804,NL,120,53,SLN,0,000000000,100,-1,BRO,1,000000001,90,-1
19140804,NL,100,51,CHN,1,100000000,98,-1,NY1,4,00000220x,91,-1
19140804,NL,122,64,CIN,3,00020001000,97,-1,PHI,4,00020000101,93,-1
19140805,AL,127,54,PHA,7,002000005,102,-1,CHA,4,200000002,101,-1
19140805,AL,120,53,WS1,2,100001000,100,-1,CLE,3,200000001,104,-1
19140805,AL,110,54,NYA,14,220216010,103,-1,DET,4,003001000,104,-1
19140805,AL,110,54,BOS,6,031010001,103,-1,SLA,0,000000000,101,-1
19140805,NL,98,51,PIT,0,000000000,95,-1,BSN,4,10000111x,94,-1
19140805,NL,125,54,SLN,4,020020000,101,-1,BRO,0,000000000,91,-1
19140805,NL,87,51,CHN,0,000000000,99,-1,NY1,3,20100000x,92,-1
19140805,NL,95,51,CIN,0,000000000,98,-1,PHI,5,00000050x,94,-1
19140806,NL,120,58,PIT,4,0030100000,96,-1,BSN,5,2000002001,95,-1
19140806,NL,130,54,SLN,7,500002000,102,-1,BRO,2,001000001,92,-1
19140806,NL,105,54,CHN,4,000000022,100,-1,NY1,3,100000011,93,-1
19140806,NL,117,54,CIN,4,001200001,99,-1,PHI,2,100000001,95,-1
19140807,AL,110,51,WS1,0,000000000,101,-1,CHA,2,00010001x,102,-1
19140807,AL,103,54,PHA,4,200010010,103,-1,CLE,0,000000000,105,-1
19140807,AL,102,51,BOS,1,000000010,104,-1,DET,3,00020001x,105,-1
19140807,AL,150,54,NYA,4,000200200,104,-1,SLA,3,000210000,102,-1
19140807,NL,104,54,PIT,5,111020000,97,-1,BSN,1,000000010,96,-1
19140807,NL,99,51,SLN,0,000000000,103,-1,BRO,3,00001002x,93,-1
19140807,NL,150,51,CHN,4,020002000,101,-1,NY1,8,00015200x,94,-1
19140807,NL,85,51,CIN,0,000000000,100,-1,PHI,2,00000002x,96,-1
19140808,AL,135,51,WS1,3,010011000,102,-1,CHA,4,01000300x,103,-1
19140808,AL,124,54,WS1,3,003000000,103,-1,CHA,1,000010000,104,-1
19140808,AL,135,54,PHA,5,000030200,104,-1,CLE,4,200000200,106,-1
19140808,AL,105,54,BOS,5,000130010,105,-1,DET,2,020000000,106,-1
19140808,AL,225,78,NYA,2,0000000100001,105,-1,SLA,1,0000001000000,103,-1
19140808,NL,110,59,CIN,3,1200000000,101,-1,BSN,4,0000000031,97,-1
19140808,NL,105,51,CHN,1,000001000,102,-1,BRO,6,22001100x,94,-1
19140808,NL,110,54,SLN,3,300000000,104,-1,NY1,2,000000002,95,-1
19140808,NL,103,54,PIT,4,000000400,98,-1,PHI,3,000000201,97,-1
19140809,AL,95,65,WS1,1,10000000000,104,-1,CHA,2,10000000001,105,-1
19140809,AL,140,54,PHA,10,222100003,105,-1,CLE,5,000004001,107,-1
19140809,AL,134,54,BOS,8,210000500,106,-1,DET,6,103011000,107,-1
19140809,AL,111,51,NYA,0,000000000,106,-1,SLA,2,20000000x,104,-1
19140810,AL,108,54,PHA,5,000100103,106,-1,CLE,1,000000010,108,-1
19140810,AL,120,51,NYA,1,000100000,107,-1,SLA,4,00004000x,105,-1
19140810,NL,95,51,CIN,1,000000010,102,-1,BSN,3,02000100x,98,-1
19140810,NL,97,51,CHN,0,000000000,103,-1,BRO,6,11400000x,95,-1
19140810,NL,112,51,SLN,2,000101000,105,-1,NY1,8,00030014x,96,-1
19140810,NL,101,54,PIT,4,100003000,99,-1,PHI,2,000010100,98,-1
19140811,AL,100,51,CLE,0,000000000,109,-1,CHA,2,00001010x,106,-1
19140811,AL,100,51,CLE,0,000000000,110,-1,CHA,2,10001000x,107,-1
19140811,NL,150,78,CIN,0,0000000000000,103,-1,BSN,0,0000000000000,99,-1
19140811,NL,95,51,CHN,2,200000000,104,-1,BRO,3,00021000x,96,-1
19140811,NL,70,30,SLN,3,01200,106,-1,NY1,2,01100,97,-1
19140811,NL,100,51,PIT,4,103000000,100,-1,PHI,5,00200003x,99,-1
19140812,AL,140,54,CLE,5,102001001,111,-1,CHA,3,000011010,108,-1
19140812,NL,106,54,CHN,4,000021001,105,-1,BRO,1,100000000,97,-1
19140812,NL,120,51,SLN,2,001000010,107,-1,NY1,3,00000300x,98,-1
19140813,AL,102,54,NYA,1,001000000,108,-1,BOS,0,000000000,107,-1
19140813,AL,115,51,DET,3,110000010,108,-1,CLE,6,00201030x,112,-1
19140813,AL,115,51,WS1,0,000000000,105,-1,PHA,7,20003200x,107,-1
19140813,NL,92,51,PHI,0,000000000,100,-1,BRO,3,10010001x,98,-1
19140813,NL,122,54,BSN,5,110002010,100,-1,NY1,3,000000201,99,-1
19140813,NL,100,52,SLN,1,000000001,108,-1,PIT,2,000100001,101,-1
19140813,NL,86,51,SLN,2,000000200,109,-1,PIT,5,20110010x,102,-1
19140814,AL,142,54,NYA,7,021040000,109,-1,BOS,6,400001001,108,-1
19140814,AL,120,54,DET,8,010021220,109,-1,CLE,4,101000200,113,-1
19140814,AL,110,54,WS1,2,001001000,106,-1,PHA,1,000001000,108,-1
19140814,AL,135,54,CHA,6,010020003,109,-1,SLA,4,013000000,106,-1
19140814,NL,150,54,PHI,8,000213002,101,-1,BRO,7,032100100,99,-1
19140814,NL,118,54,BSN,7,022021000,101,-1,NY1,3,010000101,100,-1
19140814,NL,124,51,CIN,7,110001040,104,-1,PIT,8,00404000x,103,-1
19140815,AL,122,51,NYA,0,000000000,110,-1,BOS,1,00000001x,109,-1
19140815,AL,105,51,DET,1,010000000,110,-1,CLE,7,30000040x,114,-1
19140815,AL,103,51,WS1,0,000000000,107,-1,PHA,6,10100400x,109,-1
19140815,AL,135,51,CHA,4,010110001,110,-1,SLA,7,03000301x,107,-1
19140815,NL,94,51,PHI,4,030000100,102,-1,BRO,8,10510001x,100,-1
19140815,NL,100,48,PHI,5,00103001,103,-1,BRO,13,21021124,101,-1
19140815,NL,124,54,SLN,2,000000110,110,-1,CHN,1,000001000,106,-1
19140815,NL,112,60,BSN,2,0000000002,102,-1,NY1,0,0000000000,101,-1
19140815,NL,114,51,CIN,0,000000000,105,-1,PIT,2,00001100x,104,-1
19140816,AL,120,54,DET,13,443000200,111,-1,CLE,6,140000100,115,-1
19140816,AL,150,54,CHA,3,000010020,111,-1,SLA,1,001000000,108,-1
19140816,AL,150,51,CHA,7,004300000,112,-1,SLA,9,14220000x,109,-1
19140816,NL,126,54,SLN,6,110112000,111,-1,CHN,1,000000010,107,-1
19140816,NL,116,54,BRO,6,100020030,102,-1,CIN,3,000000003,106,-1
19140817,AL,115,54,WS1,1,000100000,108,-1,NYA,0,000000000,111,-1
19140817,AL,108,52,WS1,3,010100100,109,-1,NYA,4,000000022,112,-1
19140817,AL,108,51,CLE,0,000000000,116,-1,PHA,5,40000001x,110,-1
19140817,NL,105,51,BRO,0,000000000,103,-1,CHN,3,00020001x,108,-1
19140817,NL,119,54,BSN,11,202230011,103,-1,CIN,1,100000000,107,-1
19140817,NL,120,54,BSN,5,100300001,104,-1,CIN,3,000000003,108,-1
19140817,NL,121,54,NY1,7,000000061,102,-1,PIT,3,000101100,105,-1
19140817,NL,98,51,PHI,1,000000100,104,-1,SLN,4,00110101x,112,-1
19140818,AL,128,54,CLE,4,103000000,117,-1,NYA,3,000100002,113,-1
19140818,AL,116,54,DET,3,011001000,112,-1,PHA,2,000020000,111,-1
19140818,AL,114,51,DET,1,000010000,113,-1,PHA,2,00000200x,112,-1
19140818,AL,130,51,SLA,2,000002000,110,-1,WS1,8,00000035x,110,-1
19140818,NL,115,51,BRO,6,230000010,104,-1,CHN,8,00105011x,109,-1
19140818,NL,99,51,BSN,1,000000100,105,-1,CIN,3,00210000x,109,-1
19140818,NL,91,51,NY1,1,000000010,103,-1,PIT,3,00101001x,106,-1
19140818,NL,95,51,PHI,2,000001001,105,-1,SLN,6,00033000x,113,-1
19140819,AL,95,51,CHA,1,100000000,113,-1,BOS,3,00200010x,110,-1
19140819,AL,115,51,CHA,1,100000000,114,-1,BOS,4,00200200x,111,-1
19140819,AL,130,51,CLE,5,000000302,118,-1,NYA,7,00010006x,114,-1
19140819,AL,120,51,DET,6,020000400,114,-1,PHA,7,50000002x,113,-1
19140819,AL,150,54,SLA,8,100401110,111,-1,WS1,5,100000040,111,-1
19140819,NL,115,54,BRO,6,130002000,105,-1,CHN,0,000000000,110,-1
19140819,NL,127,54,BSN,3,200010000,106,-1,CIN,2,000010010,110,-1
19140819,NL,100,51,NY1,1,001000000,104,-1,PIT,5,03020000x,107,-1
19140820,AL,105,51,CHA,2,000001001,115,-1,BOS,3,01010100x,112,-1
19140820,AL,167,54,CLE,11,220000601,119,-1,NYA,8,130120100,115,-1
19140820,AL,105,51,DET,1,100000000,115,-1,PHA,3,00300000x,114,-1
19140820,AL,150,53,SLA,4,100000120,112,-1,WS1,5,000400001,112,-1
19140820,NL,110,51,BRO,2,002000000,106,-1,CHN,3,20001000x,111,-1
19140820,NL,100,54,BSN,6,030000012,107,-1,PIT,3,000030000,108,-1
19140820,NL,125,54,PHI,1,000000001,106,-1,SLN,0,000000000,114,-1
19140821,NL,125,51,PHI,3,100000110,107,-1,CHN,7,34000000x,112,-1
19140821,NL,111,51,NY1,2,020000000,105,-1,CIN,3,30000000x,111,-1
19140821,NL,96,51,BRO,1,000001000,107,-1,SLN,4,20200000x,115,-1
19140822,AL,105,51,CLE,2,100000010,120,-1,BOS,4,02001001x,113,-1
19140822,AL,110,51,CHA,2,020000000,116,-1,NYA,5,00003020x,116,-1
19140822,AL,143,60,SLA,4,0010020001,113,-1,PHA,3,0003000000,115,-1
19140822,AL,110,51,SLA,1,000100000,114,-1,PHA,6,10100022x,116,-1
19140822,AL,117,51,DET,7,001330000,116,-1,WS1,8,10104200x,113,-1
19140822,NL,95,54,PHI,3,200001000,108,-1,CHN,1,100000000,113,-1
19140822,NL,120,51,NY1,4,010010110,106,-1,CIN,9,42000012x,112,-1
19140822,NL,132,71,BSN,2,000001001000,108,-1,PIT,3,101000000001,109,-1
19140822,NL,97,54,BSN,4,110000020,109,-1,PIT,2,000101000,110,-1
19140822,NL,105,51,BRO,2,002000000,108,-1,SLN,4,11100001x,116,-1
19140823,NL,112,53,NY1,2,001000010,107,-1,CIN,3,000002001,113,-1
19140823,NL,113,51,BRO,3,000000102,109,-1,SLN,7,20110120x,117,-1
19140824,AL,120,51,CLE,3,010001010,121,-1,BOS,7,42100000x,114,-1
19140824,AL,130,54,CHA,2,001001000,117,-1,NYA,1,000000001,117,-1
19140824,AL,131,51,SLA,1,000000010,115,-1,PHA,7,20000311x,117,-1
19140824,AL,115,42,SLA,3,1001010,116,-1,PHA,6,0010212,118,-1
19140824,AL,96,54,DET,3,200100000,117,-1,WS1,1,000001000,114,-1
19140824,AL,115,54,DET,11,110030033,118,-1,WS1,0,000000000,115,-1
19140824,NL,142,51,BSN,5,110030000,110,-1,CHN,9,13001004x,114,-1
19140824,NL,98,51,BRO,0,000000000,110,-1,CIN,4,00000130x,114,-1
19140824,NL,95,54,PHI,3,000000120,109,-1,PIT,2,200000000,111,-1
19140825,AL,97,54,CLE,3,000300000,122,-1,BOS,1,001000000,115,-1
19140825,AL,127,51,CHA,0,000000000,118,-1,NYA,9,40104000x,118,-1
19140825,AL,120,51,SLA,0,000000000,117,-1,PHA,9,01032012x,119,-1
19140825,AL,95,51,SLA,0,000000000,118,-1,PHA,1,00000100x,120,-1
19140825,AL,95,54,DET,2,002000000,119,-1,WS1,1,100000000,116,-1
19140825,NL,107,54,BSN,4,000120001,111,-1,CHN,1,001000000,115,-1
19140825,NL,95,51,PHI,0,000000000,110,-1,PIT,2,01001000x,112,-1
19140826,AL,110,51,DET,2,001001000,120,-1,BOS,5,00400010x,116,-1
19140826,AL,175,70,SLA,1,100000000000,119,-1,NYA,2,010000000001,119,-1
19140826,AL,107,51,CHA,0,000000000,119,-1,PHA,5,00030200x,121,-1
19140826,NL,97,51,BSN,0,000000000,112,-1,CHN,1,00000010x,116,-1
19140826,NL,98,54,BRO,2,110000000,111,-1,PIT,1,010000000,113,-1
19140826,NL,95,54,BRO,4,003001000,112,-1,PIT,2,000110000,114,-1
19140826,NL,110,51,NY1,0,000000000,108,-1,SLN,1,10000000x,118,-1
19140826,NL,85,54,NY1,4,000001021,109,-1,SLN,0,000000000,119,-1
19140827,AL,110,51,DET,2,000000020,121,-1,BOS,9,00201600x,117,-1
19140827,AL,187,72,SLA,5,000002020001,120,-1,NYA,4,000013000000,120,-1
19140827,AL,117,51,CHA,1,010000000,120,-1,PHA,6,00030120x,122,-1
19140827,AL,105,59,CLE,0,0000000000,123,-1,WS1,1,0000000001,117,-1
19140827,AL,150,84,CLE,3,00000012000000,124,-1,WS1,3,11001000000000,118,-1
19140827,NL,122,54,NY1,9,004001022,110,-1,CHN,2,101000000,117,-1
19140827,NL,119,51,PHI,2,000000002,111,-1,CIN,3,000000012,115,-1
19140827,NL,95,60,BRO,1,0000000001,113,-1,PIT,0,0000000000,115,-1
19140827,NL,158,57,BSN,2,0010100000,113,-1,SLN,3,0100000101,120,-1
19140828,AL,112,54,DET,3,000000030,122,-1,BOS,0,000000000,118,-1
19140828,AL,130,51,SLA,5,010002002,121,-1,NYA,9,43010010x,121,-1
19140828,AL,70,33,CHA,8,010520,121,-1,PHA,6,310101,123,-1
19140829,AL,94,51,DET,5,001001030,123,-1,NYA,6,11310000x,122,-1
19140829,AL,105,52,CLE,1,010000000,125,-1,PHA,2,000000101,124,-1
19140829,AL,90,54,CHA,2,000000200,122,-1,WS1,1,000000001,119,-1
19140829,NL,95,51,NY1,0,000000000,111,-1,CHN,1,00010000x,118,-1
19140829,NL,120,54,NY1,7,101310010,112,-1,CHN,5,000100400,119,-1
19140829,NL,116,51,PHI,2,000000020,112,-1,CIN,6,00100023x,116,-1
19140829,NL,160,77,BRO,0,0000000000000,114,-1,PIT,1,0000000000001,116,-1
19140829,NL,86,54,BRO,5,120002000,115,-1,PIT,4,101000020,117,-1
19140829,NL,135,54,BSN,4,000100012,114,-1,SLN,0,000000000,121,-1
19140829,NL,140,48,BSN,6,00110004,115,-1,SLN,4,00020200,122,-1
19140830,NL,120,54,NY1,8,400021001,113,-1,CHN,1,000000001,120,-1
19140830,NL,110,54,PHI,4,000000040,113,-1,CIN,2,000100100,117,-1
19140830,NL,136,60,PHI,2,0100000001,114,-1,CIN,1,0000010000,118,-1
19140830,NL,110,54,BSN,2,100010000,116,-1,SLN,0,000000000,123,-1
19140831,AL,92,51,SLA,1,000000010,122,-1,BOS,4,00301000x,119,-1
19140831,AL,178,66,SLA,3,01000000002,123,-1,BOS,3,00001000002,120,-1
19140831,AL,200,78,DET,9,0000042000003,124,-1,NYA,6,4100100000000,123,-1
19140831,AL,85,41,DET,2,0000020,125,-1,NYA,3,0101001,124,-1
19140831,AL,132,51,CLE,3,001100001,126,-1,PHA,9,00510030x,125,-1
19140831,AL,125,60,CHA,4,0020000101,123,-1,WS1,3,0010001010,120,-1
19140831,NL,127,54,CHN,4,010000201,121,-1,CIN,2,000200000,119,-1
19140831,NL,113,66,NY1,1,00100000000,114,-1,PIT,1,00000000100,118,-1
19140901,AL,128,51,SLA,6,401000010,124,-1,BOS,7,11100004x,121,-1
19140901,AL,120,51,SLA,2,000002000,125,-1,BOS,4,00030001x,122,-1
19140901,AL,118,54,DET,3,012000000,126,-1,NYA,2,001010000,125,-1
19140901,AL,125,51,CLE,3,000001110,127,-1,PHA,16,12033061x,126,-1
19140901,AL,220,90,CHA,5,100110001000001,124,-1,WS1,4,100000003000000,121,-1
19140901,NL,141,54,CHN,8,201200300,122,-1,CIN,7,221010010,120,-1
19140902,AL,145,54,SLA,9,000040140,126,-1,BOS,6,020000211,123,-1
19140902,AL,95,39,SLA,3,0030000,127,-1,BOS,7,210130x,124,-1
19140902,AL,120,54,DET,6,000104100,127,-1,NYA,5,101030000,126,-1
19140902,AL,120,60,CHA,4,1000000300,125,-1,WS1,4,0001000030,122,-1
19140902,NL,102,51,NY1,2,000000110,115,-1,BRO,6,21012000x,116,-1
19140902,NL,102,51,CHN,3,100002000,123,-1,CIN,4,00000400x,121,-1
19140902,NL,130,54,BSN,7,030020011,117,-1,PHI,5,000111020,115,-1
19140902,NL,111,54,BSN,12,543000000,118,-1,PHI,3,100100001,116,-1
19140902,NL,100,54,PIT,4,000003010,119,-1,SLN,1,100000000,124,-1
19140902,NL,155,66,PIT,1,00000000100,120,-1,SLN,1,00010000000,125,-1
19140903,AL,104,51,PHA,1,000000100,127,-1,BOS,3,00110100x,125,-1
19140903,AL,123,51,PHA,3,100000200,128,-1,BOS,6,30100020x,126,-1
19140903,AL,98,51,WS1,4,000100300,123,-1,NYA,10,21401200x,127,-1
19140903,NL,95,54,NY1,6,000240000,116,-1,BRO,3,000101001,117,-1
19140903,NL,105,54,NY1,7,100000114,117,-1,BRO,2,010000001,118,-1
19140903,NL,112,54,CHN,7,011104000,124,-1,CIN,0,000000000,122,-1
19140903,NL,113,51,BSN,4,000000004,119,-1,PHI,7,24000100x,117,-1
19140903,NL,130,54,PIT,11,101010332,121,-1,SLN,6,000000501,126,-1
19140903,NL,120,48,PIT,10,00300070,122,-1,SLN,3,00011010,127,-1
19140904,AL,107,51,PHA,2,000001010,129,-1,BOS,4,02200000x,127,-1
19140904,AL,101,51,SLA,1,000001000,128,-1,DET,4,10012000x,128,-1
19140904,AL,119,54,WS1,1,000000001,124,-1,NYA,0,000000000,128,-1
19140904,NL,125,54,NY1,4,000011020,118,-1,BRO,3,010000020,119,-1
19140904,NL,106,51,CHN,2,100001000,125,-1,CIN,4,00001030x,123,-1
19140904,NL,143,72,BSN,6,400000000011,120,-1,PHI,5,001030000010,118,-1
19140904,NL,93,54,PIT,2,000000200,123,-1,SLN,1,000100000,128,-1
19140905,AL,117,51,PHA,1,100000000,130,-1,BOS,4,00004000x,128,-1
19140905,AL,120,51,CHA,4,000100003,126,-1,CLE,6,20000103x,128,-1
19140905,AL,108,54,CHA,3,010001100,127,-1,CLE,0,000000000,129,-1
19140905,AL,127,54,SLA,7,030011002,129,-1,DET,0,000000000,129,-1
19140905,AL,155,78,WS1,4,0010000000003,125,-1,NYA,1,0000100000000,129,-1
19140905,NL,130,54,NY1,8,200042000,119,-1,BRO,5,000020012,120,-1
19140905,NL,105,51,NY1,1,000001000,120,-1,BRO,4,01030000x,121,-1
19140905,NL,120,52,PIT,2,001010000,124,-1,CHN,3,000000003,126,-1
19140905,NL,128,54,SLN,12,300102510,129,-1,CIN,2,002000000,124,-1
19140905,NL,100,54,BSN,7,402000001,121,-1,PHI,1,001000000,119,-1
19140906,AL,115,54,CHA,6,001003020,128,-1,CLE,1,000000010,130,-1
19140906,AL,115,51,SLA,4,111000001,130,-1,DET,13,20081020x,130,-1
19140906,NL,100,51,PIT,3,000001011,125,-1,CHN,8,00303002x,127,-1
19140906,NL,149,54,SLN,7,003000121,130,-1,CIN,2,110000000,125,-1
19140907,AL,205,89,SLA,3,200000100000000,131,-1,CLE,4,000101001000001,131,-1
19140907,AL,60,27,SLA,2,20000,132,-1,CLE,6,4200x,132,-1
19140907,AL,170,72,CHA,8,000003020003,129,-1,DET,7,000004010002,131,-1
19140907,AL,59,27,CHA,0,00000,130,-1,DET,3,3000x,132,-1
19140907,AL,137,54,BOS,5,000200003,129,-1,NYA,1,100000000,130,-1
19140907,AL,118,42,BOS,1,0001000,130,-1,NYA,8,0140210,131,-1
19140907,AL,105,51,PHA,0,000000000,131,-1,WS1,1,00000100x,126,-1
19140907,AL,135,54,PHA,8,100016000,132,-1,WS1,7,100013200,127,-1
19140907,NL,125,52,NY1,4,010030000,121,-1,BSN,5,100100012,122,-1
19140907,NL,135,54,NY1,10,000104041,122,-1,BSN,1,000000100,123,-1
19140907,NL,110,51,CIN,2,000020000,126,-1,CHN,3,10000101x,128,-1
19140907,NL,121,51,CIN,1,000000010,127,-1,CHN,3,10000020x,129,-1
19140907,NL,105,51,BRO,4,000120010,122,-1,PHI,7,10104010x,120,-1
19140907,NL,138,51,BRO,6,100040010,123,-1,PHI,7,40000003x,121,-1
19140907,NL,125,54,SLN,7,300120001,131,-1,PIT,4,001000030,126,-1
19140907,NL,85,51,SLN,1,000000001,132,-1,PIT,2,00002000x,127,-1
19140908,AL,105,51,CHA,1,010000000,131,-1,DET,3,12000000x,133,-1
19140908,AL,130,54,BOS,6,300101010,131,-1,NYA,5,500000000,132,-1
19140908,AL,115,51,PHA,0,000000000,133,-1,WS1,2,10000010x,128,-1
19140908,AL,135,54,PHA,9,020700000,134,-1,WS1,4,010101001,129,-1
19140908,NL,135,51,NY1,3,100010010,123,-1,BSN,8,11041100x,124,-1
19140908,NL,147,58,CIN,3,0012000000,128,-1,CHN,4,1020000001,130,-1
19140908,NL,102,51,BRO,4,101020000,124,-1,PHI,5,00200030x,122,-1
19140909,AL,168,66,BOS,2,00000000002,132,-1,PHA,0,00000000000,135,-1
19140909,AL,88,51,NYA,0,000000000,133,-1,WS1,1,00100000x,130,-1
19140909,NL,130,54,PHI,10,520003000,123,-1,BSN,3,000101010,125,-1
19140909,NL,120,51,PHI,0,000000000,124,-1,BSN,7,02020012x,126,-1
19140909,NL,120,54,BRO,9,004002003,125,-1,NY1,3,000011100,124,-1
19140909,NL,97,51,CHN,1,000000100,131,-1,PIT,5,01004000x,128,-1
19140910,AL,120,51,BOS,1,100000000,133,-1,PHA,8,21000500x,136,-1
19140910,AL,145,52,CLE,5,300100001,133,-1,SLA,6,210000111,133,-1
19140910,AL,100,54,NYA,6,003010002,134,-1,WS1,4,001000003,131,-1
19140910,NL,96,51,PHI,0,000000000,125,-1,BSN,3,00000003x,127,-1
19140910,NL,100,51,PHI,2,002000000,126,-1,BSN,7,01000411x,128,-1
19140910,NL,133,54,SLN,3,000000300,133,-1,CIN,2,101000000,129,-1
19140910,NL,94,51,BRO,1,000000100,126,-1,NY1,5,01200200x,125,-1
19140910,NL,87,54,BRO,2,000200000,127,-1,NY1,1,000000010,126,-1
19140910,NL,103,51,CHN,2,000001001,132,-1,PIT,4,02100100x,129,-1
19140911,AL,133,54,DET,5,121001000,134,-1,CHA,3,000000111,132,-1
19140911,AL,155,48,BOS,8,32000021,134,-1,PHA,8,01302200,137,-1
19140911,AL,105,51,NYA,2,000011000,135,-1,WS1,4,00300010x,132,-1
19140911,NL,135,53,PHI,5,000130100,127,-1,BSN,6,012001002,129,-1
19140911,NL,87,51,BRO,0,000000000,128,-1,NY1,3,20010000x,127,-1
19140912,AL,121,54,DET,4,000220000,135,-1,CHA,2,000010100,133,-1
19140912,AL,100,51,PHA,1,000000001,138,-1,NYA,2,000000011,136,-1
19140912,AL,125,51,CLE,3,200010000,134,-1,SLA,5,00100130x,134,-1
19140912,NL,130,54,BRO,4,000000031,129,-1,BSN,3,000030000,130,-1
19140912,NL,132,54,SLN,3,110001000,134,-1,CIN,1,001000000,130,-1
19140912,NL,72,51,NY1,0,000000000,128,-1,PHI,1,00001000x,128,-1
19140912,NL,98,54,NY1,8,210210110,129,-1,PHI,0,000000000,129,-1
19140912,NL,97,51,CHN,4,000000004,133,-1,PIT,5,00400001x,130,-1
19140912,NL,110,51,CHN,0,000000000,134,-1,PIT,4,00100012x,131,-1
19140913,AL,107,54,DET,4,000000004,136,-1,CHA,3,110100000,134,-1
19140913,AL,100,54,CLE,5,102200000,135,-1,SLA,0,000000000,135,-1
19140913,AL,105,48,CLE,3,00000102,136,-1,SLA,3,02001000,136,-1
19140913,NL,83,51,PIT,0,000000000,132,-1,CHN,2,00000020x,135,-1
19140913,NL,132,54,SLN,4,010200100,135,-1,CIN,3,000020010,131,-1
19140913,NL,112,54,SLN,3,000200001,136,-1,CIN,2,020000000,132,-1
19140914,AL,120,54,DET,6,300002100,137,-1,CLE,4,201000001,137,-1
19140914,AL,100,54,PHA,2,010000001,139,-1,NYA,1,000000100,137,-1
19140914,AL,165,72,CHA,6,000000500100,135,-1,SLA,6,000112010100,137,-1
19140914,AL,120,51,BOS,1,000000010,135,-1,WS1,8,30140000x,133,-1
19140914,AL,105,54,BOS,3,002010000,136,-1,WS1,0,000000000,134,-1
19140914,NL,120,51,BRO,3,001000200,130,-1,BSN,4,00004000x,131,-1
19140914,NL,111,51,PIT,4,020000200,133,-1,CHN,7,01310002x,136,-1
19140914,NL,103,54,NY1,3,000002100,130,-1,PHI,2,000002000,130,-1
19140914,NL,102,51,NY1,6,000020112,131,-1,PHI,10,01600102x,131,-1
19140915,AL,100,54,DET,2,001100000,138,-1,CLE,1,000100000,138,-1
19140915,AL,125,54,PHA,3,010011000,140,-1,NYA,1,000000001,138,-1
19140915,AL,110,54,BOS,2,000100001,137,-1,WS1,1,000001000,135,-1
19140915,NL,110,51,BRO,5,211000010,131,-1,BSN,7,02500000x,132,-1
19140915,NL,95,51,NY1,3,000120000,132,-1,PHI,4,20002000x,132,-1
19140915,NL,91,51,CIN,0,000000000,133,-1,PIT,9,00400140x,134,-1
19140916,AL,110,54,DET,8,010010510,139,-1,CLE,3,000001011,139,-1
19140916,AL,105,59,CHA,1,0001000000,136,-1,SLA,2,0010000001,138,-1
19140916,AL,128,51,CHA,1,000000001,137,-1,SLA,3,00000030x,139,-1
19140916,NL,155,51,SLN,3,011010000,137,-1,BSN,6,10002003x,133,-1
19140916,NL,105,51,CHN,2,000002000,137,-1,BRO,7,01600000x,132,-1
19140916,NL,117,51,CIN,1,000000010,134,-1,NY1,8,50002100x,133,-1
19140916,NL,95,51,PIT,2,010000100,135,-1,PHI,6,12300000x,133,-1
19140917,AL,118,54,NYA,7,020001004,139,-1,CHA,2,000011000,138,-1
19140917,AL,120,54,BOS,8,201100400,138,-1,CLE,1,000000100,140,-1
19140917,AL,128,54,PHA,8,101230010,141,-1,DET,3,210000000,140,-1
19140917,AL,155,54,WS1,12,323000400,136,-1,SLA,2,200000000,140,-1
19140917,NL,105,51,SLN,1,100000000,138,-1,BSN,5,10020002x,134,-1
19140917,NL,110,60,CHN,5,0000001004,138,-1,BRO,1,0100000000,133,-1
19140917,NL,102,51,CIN,1,010000000,135,-1,NY1,10,00030241x,134,-1
19140917,NL,108,51,PIT,3,001100100,136,-1,PHI,6,20010210x,134,-1
19140917,NL,100,51,PIT,0,000000000,137,-1,PHI,2,00000200x,135,-1
19140918,AL,124,51,NYA,5,000023000,140,-1,CHA,7,00007000x,139,-1
19140918,AL,135,60,BOS,4,1000011001,139,-1,CLE,3,0000000300,141,-1
19140918,AL,115,51,PHA,2,000110000,142,-1,DET,3,30000000x,141,-1
19140918,AL,120,54,WS1,1,000001000,137,-1,SLA,0,000000000,141,-1
19140918,NL,167,72,SLN,1,000000010000,139,-1,BSN,1,000010000000,135,-1
19140918,NL,95,51,CHN,0,000000000,139,-1,BRO,2,00001100x,134,-1
19140918,NL,135,52,CIN,2,011000000,136,-1,NY1,3,000200001,135,-1
19140918,NL,92,51,PIT,4,040000000,138,-1,PHI,6,03000210x,136,-1
19140919,AL,106,54,NYA,4,000300001,141,-1,CHA,1,000000010,140,-1
19140919,AL,110,51,BOS,1,000010000,140,-1,CLE,5,20000030x,142,-1
19140919,AL,103,51,PHA,3,010000011,143,-1,DET,4,20000110x,142,-1
19140919,AL,140,54,WS1,4,000010201,138,-1,SLA,1,100000000,142,-1
19140919,AL,120,47,WS1,2,00100001,139,-1,SLA,3,10000011,143,-1
19140919,NL,120,51,PIT,3,030000000,139,-1,BSN,9,01000710x,136,-1
19140919,NL,97,51,CIN,0,000000000,137,-1,BRO,6,00500010x,135,-1
19140919,NL,135,51,CIN,6,300210000,138,-1,BRO,8,10011122x,136,-1
19140919,NL,124,51,CHN,4,300000001,140,-1,NY1,5,30200000x,136,-1
19140919,NL,97,51,SLN,0,000000000,140,-1,PHI,7,00004021x,137,-1
19140919,NL,118,51,SLN,6,003011001,141,-1,PHI,7,10051000x,138,-1
19140920,AL,110,54,WS1,3,000100101,140,-1,CHA,1,000000100,141,-1
19140920,AL,101,51,WS1,3,000101100,141,-1,CHA,6,01300200x,142,-1
19140920,AL,108,54,PHA,4,000000031,144,-1,CLE,1,000000010,143,-1
19140920,AL,117,54,BOS,10,511010200,141,-1,DET,3,001000011,143,-1
19140920,AL,104,42,BOS,7,0003202,142,-1,DET,2,1000001,144,-1
19140920,AL,138,58,NYA,2,0000000200,142,-1,SLA,3,0010000101,144,-1
19140921,AL,158,78,WS1,6,1000000000005,142,-1,CHA,1,0001000000000,143,-1
19140921,AL,135,51,PHA,4,210100000,145,-1,CLE,5,04000010x,144,-1
19140921,AL,150,66,BOS,8,10010030300,143,-1,DET,8,00006002000,145,-1
19140921,AL,115,54,NYA,4,022000000,143,-1,SLA,3,001001010,145,-1
19140921,NL,120,51,PIT,5,100102100,140,-1,BSN,6,11040000x,137,-1
19140921,NL,120,51,CIN,6,102002001,139,-1,BRO,9,10000701x,137,-1
19140921,NL,110,51,CIN,2,000000110,140,-1,BRO,8,30200111x,138,-1
19140921,NL,130,54,CHN,6,013100100,141,-1,NY1,0,000000000,137,-1
19140921,NL,107,60,SLN,6,0100200003,142,-1,PHI,3,1001100000,139,-1
19140922,AL,102,51,WS1,1,000000010,143,-1,CHA,9,05100102x,144,-1
19140922,AL,115,42,WS1,4,1010200,144,-1,CHA,7,1000006,145,-1
19140922,AL,120,54,PHA,14,000040604,146,-1,CLE,3,000200100,145,-1
19140922,AL,105,54,BOS,5,201010010,144,-1,DET,3,000030000,146,-1
19140922,AL,72,48,BOS,5,03101000,145,-1,DET,0,00000000,147,-1
19140922,NL,95,51,PIT,2,200000000,141,-1,BSN,8,20140010x,138,-1
19140922,NL,115,58,CIN,4,0003000010,141,-1,BRO,5,2000002001,139,-1
19140922,NL,95,54,CHN,5,500000000,142,-1,NY1,0,000000000,138,-1
19140922,NL,120,54,SLN,5,000410000,143,-1,PHI,4,200002000,140,-1
19140923,AL,143,54,NYA,9,010140030,144,-1,SLA,2,000011000,146,-1
19140923,NL,125,52,CIN,2,010000001,142,-1,BSN,3,000200001,139,-1
19140923,NL,120,54,CIN,3,000000003,143,-1,BSN,0,000000000,140,-1
19140923,NL,104,51,PIT,1,000000001,142,-1,BRO,5,01202000x,140,-1
19140923,NL,105,51,PIT,2,000001001,143,-1,BRO,5,20010020x,141,-1
19140923,NL,92,54,SLN,2,100000010,144,-1,NY1,1,000010000,139,-1
19140923,NL,95,54,SLN,9,230000202,145,-1,NY1,0,000000000,140,-1
19140923,NL,100,51,CHN,4,000201010,143,-1,PHI,9,00202410x,141,-1
19140924,AL,125,54,PHA,6,040010010,147,-1,CHA,4,010001020,146,-1
19140924,AL,125,54,WS1,5,000040001,145,-1,CLE,2,200000000,146,-1
19140924,AL,100,54,WS1,5,200002100,146,-1,CLE,0,000000000,147,-1
19140924,AL,132,54,BOS,5,101120000,146,-1,SLA,1,000100000,147,-1
19140924,NL,120,51,CIN,0,000000000,144,-1,BSN,5,01003010x,141,-1
19140924,NL,110,48,CIN,2,10000001,145,-1,BSN,2,10100000,142,-1
19140924,NL,102,51,PIT,2,100000100,144,-1,BRO,3,101000001,142,-1
19140924,NL,113,54,SLN,4,200000101,146,-1,NY1,3,100100010,141,-1
19140924,NL,115,54,CHN,6,031100010,144,-1,PHI,3,000201000,142,-1
19140924,NL,96,51,CHN,2,200000000,145,-1,PHI,6,04001010x,143,-1
19140925,AL,105,54,PHA,3,020010000,148,-1,CHA,1,100000000,147,-1
19140925,AL,115,51,WS1,1,000000100,147,-1,CLE,3,00200100x,148,-1
19140925,AL,96,54,NYA,5,100000022,145,-1,DET,4,100010020,148,-1
19140925,AL,115,51,BOS,1,010000000,147,-1,SLA,10,40002400x,148,-1
19140925,NL,116,51,CIN,0,000000000,146,-1,BSN,2,01000010x,143,-1
19140925,NL,120,51,CIN,3,001010010,147,-1,BSN,4,03010000x,144,-1
19140925,NL,110,53,PIT,2,100100000,145,-1,BRO,3,000000021,143,-1
19140925,NL,118,51,SLN,1,000001000,147,-1,NY1,3,00100002x,142,-1
19140925,NL,102,57,CHN,2,0100000010,146,-1,PHI,3,0001000101,144,-1
19140926,AL,118,54,PHA,9,302100201,149,-1,CHA,3,200001000,148,-1
19140926,AL,128,53,WS1,4,000100012,148,-1,CLE,5,004000001,149,-1
19140926,AL,120,54,WS1,6,300010200,149,-1,CLE,0,000000000,150,-1
19140926,AL,108,51,NYA,3,102000000,146,-1,DET,6,00100410x,149,-1
19140926,AL,105,54,NYA,4,000003001,147,-1,DET,3,010011000,150,-1
19140926,AL,120,51,BOS,1,000100000,148,-1,SLA,4,00020200x,149,-1
19140926,AL,110,36,BOS,4,040000,149,-1,SLA,6,200040,150,-1
19140926,NL,130,51,CHN,2,000002000,147,-1,BSN,6,00040002x,145,-1
19140926,NL,105,51,CHN,2,000000002,148,-1,BSN,12,44020020x,146,-1
19140926,NL,115,51,SLN,3,210000000,148,-1,BRO,6,10005000x,144,-1
19140926,NL,120,54,SLN,3,000003000,149,-1,BRO,0,000000000,145,-1
19140926,NL,127,51,PIT,2,020000000,146,-1,NY1,4,10000102x,143,-1
19140926,NL,105,54,PIT,4,000200101,147,-1,NY1,2,200000000,144,-1
19140926,NL,112,52,CIN,9,211302000,148,-1,PHI,10,202000024,145,-1
19140926,NL,85,51,CIN,4,000000040,149,-1,PHI,7,00033001x,146,-1
19140927,AL,118,54,BOS,8,000401012,150,-1,CHA,6,200000400,149,-1
19140927,AL,100,42,BOS,3,1002000,151,-1,CHA,4,1002001,150,-1
19140927,AL,108,51,NYA,3,101000100,148,-1,CLE,5,10003100x,151,-1
19140927,AL,120,54,NYA,5,004000010,149,-1,CLE,2,000020000,152,-1
19140927,AL,118,60,WS1,6,0000000204,150,-1,DET,2,0000200000,151,-1
19140927,AL,133,54,PHA,6,010103001,150,-1,SLA,0,000000000,151,-1
19140928,AL,95,54,BOS,5,140000000,152,-1,CHA,2,000001001,151,-1
19140928,AL,90,51,NYA,2,000200000,150,-1,CLE,5,10200200x,153,-1
19140928,AL,115,51,WS1,3,000000102,151,-1,DET,11,11000450x,152,-1
19140928,AL,105,51,PHA,1,000000010,151,-1,SLA,7,01001014x,152,-1
19140928,NL,103,51,CHN,6,210001002,149,-1,BSN,7,02400001x,147,-1
19140928,NL,100,51,SLN,3,010002000,150,-1,BRO,7,50010001x,146,-1
19140928,NL,132,51,PIT,2,000001001,148,-1,NY1,5,00000041x,145,-1
19140928,NL,92,36,PIT,6,011022,149,-1,NY1,13,443002,146,-1
19140928,NL,95,54,CIN,4,000030001,150,-1,PHI,3,000120000,147,-1
19140929,AL,132,51,CHA,4,220000000,152,-1,CLE,10,30051010x,154,-1
19140929,AL,120,51,DET,1,000000100,153,-1,SLA,3,00030000x,153,-1
19140929,NL,122,52,CHN,2,100100000,150,-1,BSN,3,000020001,148,-1
19140929,NL,107,54,PIT,5,010030010,150,-1,NY1,2,100000100,147,-1
19140930,AL,150,70,CHA,5,000202000010,153,-1,CLE,6,301000000011,155,-1
19140930,AL,70,48,DET,9,30200031,154,-1,SLA,6,02000040,154,-1
19140930,AL,130,60,PHA,3,0100000011,152,-1,WS1,2,1001000000,152,-1
19140930,NL,110,54,BSN,7,130300000,149,-1,NY1,1,000001000,148,-1
19140930,NL,110,48,BSN,7,22201000,150,-1,NY1,7,00003400,149,-1
19140930,NL,75,54,BRO,2,020000000,147,-1,PHI,1,000000100,148,-1
19140930,NL,108,54,SLN,1,000001000,151,-1,PIT,0,000000000,151,-1
19141001,AL,115,54,NYA,5,101100011,151,-1,BOS,3,000020100,153,-1
19141001,AL,100,51,NYA,2,000100010,152,-1,BOS,4,01300000x,154,-1
19141001,AL,128,48,DET,3,10000200,155,-1,SLA,7,31002001,155,-1
19141001,AL,90,54,PHA,3,000200001,153,-1,WS1,1,000000001,153,-1
19141001,NL,122,54,BSN,7,400001002,151,-1,NY1,6,000031011,150,-1
19141001,NL,115,51,BRO,7,300200200,148,-1,PHI,9,01400103x,149,-1
19141001,NL,123,51,CIN,1,000001000,151,-1,PIT,5,10101110x,152,-1
19141002,AL,114,51,NYA,5,000002012,153,-1,BOS,11,20040311x,155,-1
19141002,AL,128,51,SLA,1,000010000,156,-1,CHA,5,01030100x,154,-1
19141002,AL,97,54,WS1,4,210100000,154,-1,PHA,3,000021000,154,-1
19141002,NL,114,51,BSN,5,201010010,152,-1,NY1,11,12030041x,151,-1
19141002,NL,101,53,CIN,1,000000010,152,-1,PIT,2,000000002,153,-1
19141002,NL,90,51,CHN,0,000000000,151,-1,SLN,5,00000302x,152,-1
19141003,AL,114,54,NYA,3,100000002,154,-1,BOS,2,000000002,156,-1
19141003,AL,130,54,SLA,7,020000410,157,-1,CHA,1,100000000,155,-1
19141003,AL,85,36,SLA,4,000112,158,-1,CHA,0,000000,156,-1
19141003,AL,114,51,CLE,5,000200210,156,-1,DET,6,002010003,156,-1
19141003,AL,115,54,WS1,7,000030103,155,-1,PHA,3,111000000,155,-1
19141003,NL,90,51,PHI,2,000000002,150,-1,BRO,3,00000003x,149,-1
19141003,NL,91,51,PHI,4,013000000,151,-1,BRO,5,00023000x,150,-1
19141003,NL,110,54,BSN,4,000200002,153,-1,NY1,1,000000010,152,-1
19141003,NL,83,51,BSN,0,000000000,154,-1,NY1,1,00010000x,153,-1
19141003,NL,83,51,CIN,0,000000000,153,-1,PIT,1,00000010x,154,-1
19141003,NL,105,54,CHN,4,102000001,152,-1,SLN,1,000100000,153,-1
19141003,NL,118,51,CHN,0,000000000,153,-1,SLN,2,00100001x,154,-1
19141004,AL,100,51,SLA,1,000100000,159,-1,CHA,5,00110102x,157,-1
19141004,AL,102,51,CLE,6,002202000,157,-1,DET,11,00110180x,157,-1
19141004,NL,114,52,PIT,4,002001001,155,-1,CIN,5,001020011,154,-1
19141004,NL,84,36,PIT,11,208001,156,-1,CIN,4,001102,155,-1
19141004,NL,124,51,CHN,3,000210000,154,-1,SLN,4,01200100x,155,-1
19141004,NL,80,36,CHN,4,002011,155,-1,SLN,3,000021,156,-1
19141005,AL,115,54,WS1,9,200101032,156,-1,BOS,3,101000001,157,-1
19141005,AL,92,51,NYA,0,000000000,155,-1,PHA,2,01010000x,156,-1
19141005,NL,100,54,BSN,15,302050032,155,-1,BRO,2,000000020,151,-1
19141005,NL,120,54,BSN,9,003000105,156,-1,BRO,5,000100040,152,-1
19141005,NL,90,54,PIT,4,004000000,157,-1,CIN,3,100000002,156,-1
19141005,NL,67,39,PIT,1,0000010,158,-1,CIN,4,000310x,157,-1
19141005,NL,100,51,PHI,0,000000000,152,-1,NY1,4,02001001x,154,-1
19141005,NL,89,54,CHN,4,000000310,156,-1,SLN,3,000000030,157,-1
19141006,AL,100,51,WS1,4,000000004,157,-1,BOS,8,20120111x,158,-1
19141006,AL,95,54,NYA,2,100000010,156,-1,PHA,1,000001000,157,-1
19141006,NL,118,51,BSN,2,100001000,157,-1,BRO,3,10101000x,153,-1
19141006,NL,80,42,BSN,7,3010003,158,-1,BRO,3,0010002,154,-1
19141006,NL,90,51,PHI,1,000001000,153,-1,NY1,5,00000401x,155,-1
19141006,NL,87,42,PHI,8,0014210,154,-1,NY1,0,0000000,156,-1
19141007,AL,78,54,WS1,11,004002401,158,-1,BOS,4,110002000,159,-1
19141007,AL,80,51,NYA,0,000000000,157,-1,PHA,10,52000120x,158,-1
